"Site","PlotID","Year","Plot .","LightAbove","LightGround","LightInterception"
"Bellfountain","BF-10",2006,10.00,1384.66,993.33,28.29
"Bellfountain","BF-10",2007,10.00,1627.25,907.00,44.18
"Bellfountain","BF-10",2008,10.00,475.00,297.75,37.28
"Bellfountain","BF-10",2009,10.00,1810.25,1044.25,42.25
"Bellfountain","BF-12",2006,12.00,1348.66,1079.83,20.04
"Bellfountain","BF-12",2007,12.00,1637.50,968.75,40.86
"Bellfountain","BF-12",2008,12.00,486.25,344.75,29.08
"Bellfountain","BF-12",2009,12.00,1843.75,1053.25,42.90
"Bellfountain","BF-13",2006,13.00,1317.00,1045.33,20.50
"Bellfountain","BF-13",2007,13.00,1638.00,992.75,39.40
"Bellfountain","BF-13",2008,13.00,491.00,377.25,23.25
"Bellfountain","BF-13",2009,13.00,1847.50,1295.75,29.91
"Bellfountain","BF-15",2006,15.00,1336.00,855.33,36.02
"Bellfountain","BF-15",2007,15.00,1612.75,775.25,52.00
"Bellfountain","BF-15",2008,15.00,483.00,243.00,49.69
"Bellfountain","BF-15",2009,15.00,1855.25,1194.25,35.57
"Bellfountain","BF-17",2006,17.00,1367.66,1033.66,24.43
"Bellfountain","BF-17",2007,17.00,1620.00,573.75,64.56
"Bellfountain","BF-17",2008,17.00,486.00,202.00,58.47
"Bellfountain","BF-17",2009,17.00,1857.00,1248.75,32.63
"Bellfountain","BF-18",2006,18.00,1354.66,1136.33,16.00
"Bellfountain","BF-18",2007,18.00,1626.50,1072.25,34.11
"Bellfountain","BF-18",2008,18.00,494.25,368.00,25.60
"Bellfountain","BF-18",2009,18.00,1863.25,881.50,52.59
"Bellfountain","BF-20",2006,20.00,1384.33,1085.66,21.59
"Bellfountain","BF-20",2007,20.00,1613.25,1174.25,27.22
"Bellfountain","BF-20",2008,20.00,481.00,346.50,27.95
"Bellfountain","BF-20",2009,20.00,1863.75,1125.00,39.84
"Bellfountain","BF-23",2006,23.00,1395.66,1171.33,15.93
"Bellfountain","BF-23",2007,23.00,1631.00,1212.75,25.69
"Bellfountain","BF-23",2008,23.00,497.50,404.75,18.74
"Bellfountain","BF-23",2009,23.00,1875.50,1131.00,39.71
"Bellfountain","BF-24",2007,24.00,1642.00,1188.75,27.63
"Bellfountain","BF-24",2008,24.00,509.25,428.25,15.94
"Bellfountain","BF-24",2009,24.00,1876.25,1312.50,30.03
"Bellfountain","BF-26",2006,26.00,1401.00,1129.66,19.34
"Bellfountain","BF-26",2007,26.00,1634.50,977.75,39.99
"Bellfountain","BF-26",2008,26.00,502.00,348.00,31.25
"Bellfountain","BF-26",2009,26.00,1868.50,1271.75,31.99
"Bellfountain","BF-27",2006,27.00,1400.33,1180.66,15.71
"Bellfountain","BF-27",2007,27.00,1638.25,923.50,43.77
"Bellfountain","BF-27",2008,27.00,506.25,317.75,36.97
"Bellfountain","BF-27",2009,27.00,1884.50,1051.50,44.23
"Bellfountain","BF-3",2006,3.00,1366.66,883.00,35.64
"Bellfountain","BF-3",2007,3.00,1649.75,698.00,57.37
"Bellfountain","BF-3",2008,3.00,497.75,228.75,53.87
"Bellfountain","BF-3",2009,3.00,1774.00,832.00,52.89
"Bellfountain","BF-33",2006,33.00,1393.33,1127.66,19.09
"Bellfountain","BF-33",2007,33.00,1643.75,1042.75,36.58
"Bellfountain","BF-33",2008,33.00,482.50,366.25,24.02
"Bellfountain","BF-33",2009,33.00,1887.25,982.25,47.96
"Bellfountain","BF-34",2006,34.00,1475.66,1077.33,26.99
"Bellfountain","BF-34",2007,34.00,1629.25,773.00,52.52
"Bellfountain","BF-34",2008,34.00,503.75,383.25,23.98
"Bellfountain","BF-34",2009,34.00,1906.00,1026.50,46.16
"Bellfountain","BF-35",2006,35.00,1442.33,1090.66,24.36
"Bellfountain","BF-35",2007,35.00,1628.75,508.50,68.91
"Bellfountain","BF-35",2008,35.00,509.00,237.00,53.39
"Bellfountain","BF-35",2009,35.00,1911.50,1044.25,45.52
"Bellfountain","BF-37",2006,37.00,1432.66,1131.00,21.02
"Bellfountain","BF-37",2007,37.00,1640.75,1018.00,38.00
"Bellfountain","BF-37",2008,37.00,506.25,307.50,39.32
"Bellfountain","BF-37",2009,37.00,1919.25,1398.50,27.10
"Bellfountain","BF-40",2006,40.00,1429.00,1101.66,22.82
"Bellfountain","BF-40",2007,40.00,1638.25,989.00,39.60
"Bellfountain","BF-40",2008,40.00,512.00,337.50,33.96
"Bellfountain","BF-40",2009,40.00,1938.00,700.75,63.78
"Bellfountain","BF-44",2006,44.00,1321.33,973.33,26.54
"Bellfountain","BF-44",2007,44.00,1633.25,1006.75,38.59
"Bellfountain","BF-44",2008,44.00,502.00,356.75,29.05
"Bellfountain","BF-44",2009,44.00,1950.75,807.00,59.03
"Bellfountain","BF-6",2006,6.00,1389.00,1084.66,21.76
"Bellfountain","BF-6",2007,6.00,1616.00,1119.00,30.84
"Bellfountain","BF-6",2008,6.00,490.25,415.50,15.52
"Bellfountain","BF-6",2009,6.00,1794.50,911.25,49.37
"Bellfountain","BF-8",2006,8.00,1398.33,1050.00,24.91
"Bellfountain","BF-8",2007,8.00,1609.75,1090.50,32.27
"Bellfountain","BF-8",2008,8.00,481.00,326.75,32.08
"Bellfountain","BF-8",2009,8.00,1833.75,1073.75,41.40
"Cowichan","CO-1",2006,1.00,968.50,531.25,43.65
"Cowichan","CO-10",2006,10.00,542.00,341.00,38.62
"Cowichan","CO-11",2006,11.00,650.75,374.00,40.01
"Cowichan","CO-12",2006,12.00,582.50,368.50,35.12
"Cowichan","CO-13",2006,13.00,872.75,403.50,53.51
"Cowichan","CO-14",2006,14.00,953.75,536.50,42.69
"Cowichan","CO-15",2006,15.00,906.00,510.75,48.18
"Cowichan","CO-16",2006,16.00,1180.75,597.25,51.17
"Cowichan","CO-17",2006,17.00,465.25,242.25,47.56
"Cowichan","CO-18",2006,18.00,1106.75,734.25,33.97
"Cowichan","CO-19",2006,19.00,951.00,589.50,39.22
"Cowichan","CO-2",2006,2.00,1151.75,549.00,52.80
"Cowichan","CO-20",2006,20.00,1212.75,1029.25,15.09
"Cowichan","CO-3",2006,3.00,1067.00,665.00,35.26
"Cowichan","CO-4",2006,4.00,1196.00,647.75,46.76
"Cowichan","CO-5",2006,5.00,902.50,482.25,45.94
"Cowichan","CO-6",2006,6.00,611.50,515.50,17.62
"Cowichan","CO-7",2006,7.00,922.75,549.00,38.90
"Cowichan","CO-8",2006,8.00,896.75,381.50,57.87
"Cowichan","CO-9",2006,9.00,536.50,258.50,50.34
"Glacial","GH-1",2006,1.00,1442.50,1239.25,14.22
"Glacial","GH-1",2007,1.00,1552.75,1409.25,9.16
"Glacial","GH-1",2008,1.00,502.50,463.75,7.71
"Glacial","GH-1",2009,1.00,1966.25,1801.75,7.95
"Glacial","GH-10",2006,10.00,1355.75,967.75,28.60
"Glacial","GH-10",2007,10.00,1496.50,1487.00,0.57
"Glacial","GH-10",2008,10.00,502.00,378.25,24.78
"Glacial","GH-10",2009,10.00,1916.25,1532.75,20.12
"Glacial","GH-11",2006,11.00,1353.75,986.50,26.93
"Glacial","GH-11",2007,11.00,1496.00,1474.25,1.50
"Glacial","GH-11",2008,11.00,500.25,462.50,7.58
"Glacial","GH-11",2009,11.00,1900.50,1700.00,10.41
"Glacial","GH-12",2006,12.00,1362.50,1095.50,19.33
"Glacial","GH-12",2007,12.00,1467.00,1419.50,3.04
"Glacial","GH-12",2008,12.00,499.50,414.75,16.98
"Glacial","GH-12",2009,12.00,1912.50,1594.00,16.63
"Glacial","GH-13",2006,13.00,1331.25,928.00,30.04
"Glacial","GH-13",2007,13.00,1480.00,1405.00,5.01
"Glacial","GH-13",2008,13.00,500.00,328.25,34.01
"Glacial","GH-13",2009,13.00,1913.75,1706.00,10.80
"Glacial","GH-14",2006,14.00,1350.00,992.50,26.39
"Glacial","GH-14",2007,14.00,1478.25,1366.25,7.50
"Glacial","GH-14",2008,14.00,497.25,462.25,6.99
"Glacial","GH-14",2009,14.00,1911.50,1773.75,7.18
"Glacial","GH-15",2006,15.00,1357.50,617.50,54.84
"Glacial","GH-15",2007,15.00,1479.75,1329.75,10.21
"Glacial","GH-15",2008,15.00,495.75,423.25,14.76
"Glacial","GH-15",2009,15.00,1912.25,1357.50,29.20
"Glacial","GH-16",2006,16.00,1330.00,835.00,37.84
"Glacial","GH-16",2007,16.00,1507.00,1435.25,4.69
"Glacial","GH-16",2008,16.00,471.00,405.75,13.66
"Glacial","GH-16",2009,16.00,1917.75,1547.25,19.09
"Glacial","GH-17",2006,17.00,1335.00,815.00,38.86
"Glacial","GH-17",2007,17.00,1621.00,1203.25,25.97
"Glacial","GH-17",2008,17.00,493.75,327.00,33.97
"Glacial","GH-17",2009,17.00,1899.25,1557.50,17.98
"Glacial","GH-18",2006,18.00,1340.00,1096.25,18.19
"Glacial","GH-18",2007,18.00,1630.50,1428.00,12.42
"Glacial","GH-18",2008,18.00,495.75,466.25,5.97
"Glacial","GH-18",2009,18.00,1911.75,1748.75,8.42
"Glacial","GH-19",2006,19.00,1322.50,437.75,66.86
"Glacial","GH-19",2007,19.00,1630.25,763.00,53.29
"Glacial","GH-19",2008,19.00,498.00,293.25,41.19
"Glacial","GH-19",2009,19.00,1917.25,935.25,51.22
"Glacial","GH-2",2006,2.00,1432.50,1208.75,15.61
"Glacial","GH-2",2007,2.00,1554.50,1239.00,20.10
"Glacial","GH-2",2008,2.00,500.75,414.00,17.19
"Glacial","GH-2",2009,2.00,1915.75,1698.00,11.28
"Glacial","GH-20",2006,20.00,1307.75,945.50,27.82
"Glacial","GH-20",2007,20.00,1647.25,1534.50,6.82
"Glacial","GH-20",2008,20.00,498.50,455.50,8.59
"Glacial","GH-20",2009,20.00,1920.00,1683.75,12.32
"Glacial","GH-3",2006,3.00,1427.50,1190.50,16.63
"Glacial","GH-3",2007,3.00,1545.25,1435.75,7.03
"Glacial","GH-3",2008,3.00,499.75,468.25,6.32
"Glacial","GH-3",2009,3.00,1915.00,1743.00,8.93
"Glacial","GH-4",2006,4.00,1395.00,1257.75,9.73
"Glacial","GH-4",2007,4.00,1556.25,1412.75,9.15
"Glacial","GH-4",2008,4.00,499.25,436.50,12.57
"Glacial","GH-4",2009,4.00,1920.50,1780.00,7.22
"Glacial","GH-5",2006,5.00,1417.50,1171.75,17.35
"Glacial","GH-5",2007,5.00,1506.25,1413.50,6.13
"Glacial","GH-5",2008,5.00,500.50,320.50,35.70
"Glacial","GH-5",2009,5.00,1925.25,1726.75,10.13
"Glacial","GH-6",2006,6.00,1442.50,920.25,36.11
"Glacial","GH-6",2007,6.00,1516.25,1425.25,6.01
"Glacial","GH-6",2008,6.00,499.00,371.00,25.70
"Glacial","GH-6",2009,6.00,1908.75,1629.00,14.54
"Glacial","GH-7",2006,7.00,1402.50,941.50,32.95
"Glacial","GH-7",2007,7.00,1523.50,1466.75,3.77
"Glacial","GH-7",2008,7.00,499.50,475.25,4.89
"Glacial","GH-7",2009,7.00,1922.50,1720.25,10.33
"Glacial","GH-8",2006,8.00,1390.00,1011.50,27.16
"Glacial","GH-8",2007,8.00,1539.75,1521.75,1.07
"Glacial","GH-8",2008,8.00,500.50,490.75,1.93
"Glacial","GH-8",2009,8.00,1929.50,1844.25,4.36
"Glacial","GH-9",2006,9.00,1403.33,672.33,51.72
"Glacial","GH-9",2007,9.00,1497.25,1100.75,26.02
"Glacial","GH-9",2008,9.00,499.25,320.50,35.61
"Glacial","GH-9",2009,9.00,1897.00,1476.25,21.68
"Hoskins","FH-11",2006,11.00,1192.33,523.66,56.09
"Hoskins","FH-11",2007,11.00,1423.00,540.75,62.12
"Hoskins","FH-11",2008,11.00,559.75,286.00,48.95
"Hoskins","FH-11",2009,11.00,1997.25,865.25,56.82
"Hoskins","FH-16",2006,16.00,1238.33,741.33,40.08
"Hoskins","FH-16",2007,16.00,1340.75,762.50,42.85
"Hoskins","FH-16",2008,16.00,528.50,327.00,38.14
"Hoskins","FH-16",2009,16.00,2108.50,1114.00,46.77
"Hoskins","FH-2",2007,2.00,728.50,257.25,64.81
"Hoskins","FH-2",2008,2.00,309.75,286.50,-69.47
"Hoskins","FH-2",2009,2.00,1964.50,889.50,54.77
"Hoskins","FH-20",2006,20.00,1268.33,748.33,40.86
"Hoskins","FH-20",2007,20.00,1295.50,778.00,39.94
"Hoskins","FH-20",2008,20.00,498.75,338.00,32.26
"Hoskins","FH-20",2009,20.00,1909.25,1059.75,44.63
"Hoskins","FH-21",2006,21.00,1205.00,784.00,34.96
"Hoskins","FH-21",2007,21.00,1439.00,753.75,47.56
"Hoskins","FH-21",2008,21.00,554.00,363.75,34.32
"Hoskins","FH-21",2009,21.00,2000.75,1047.25,47.73
"Hoskins","FH-25",2006,25.00,1225.00,773.66,36.87
"Hoskins","FH-25",2007,25.00,1463.25,698.50,52.34
"Hoskins","FH-25",2008,25.00,530.50,312.50,40.96
"Hoskins","FH-25",2009,25.00,2104.00,1131.75,46.15
"Hoskins","FH-30",2006,30.00,1275.33,992.00,22.21
"Hoskins","FH-30",2007,30.00,1469.00,975.00,33.69
"Hoskins","FH-30",2008,30.00,506.25,407.25,19.58
"Hoskins","FH-30",2009,30.00,1917.25,1396.50,27.14
"Hoskins","FH-32",2006,32.00,1239.33,689.00,44.43
"Hoskins","FH-32",2007,32.00,1505.75,935.50,38.12
"Hoskins","FH-32",2008,32.00,615.00,373.00,39.44
"Hoskins","FH-32",2009,32.00,2005.00,611.50,69.62
"Hoskins","FH-33",2006,33.00,1236.66,617.33,50.03
"Hoskins","FH-33",2007,33.00,1479.75,907.50,38.37
"Hoskins","FH-33",2008,33.00,545.00,356.00,34.65
"Hoskins","FH-33",2009,33.00,2012.50,1108.50,44.74
"Hoskins","FH-37",2006,37.00,1204.33,598.66,50.45
"Hoskins","FH-37",2007,37.00,1474.50,708.75,51.63
"Hoskins","FH-37",2008,37.00,422.25,269.50,26.56
"Hoskins","FH-37",2009,37.00,1981.50,1006.75,49.08
"Hoskins","FH-38",2006,38.00,1257.66,760.33,39.56
"Hoskins","FH-38",2007,38.00,1489.75,623.50,58.37
"Hoskins","FH-38",2008,38.00,516.50,287.75,44.19
"Hoskins","FH-38",2009,38.00,1962.00,1108.00,43.44
"Hoskins","FH-39",2006,39.00,1273.00,927.66,27.13
"Hoskins","FH-39",2007,39.00,1485.25,852.50,42.52
"Hoskins","FH-39",2008,39.00,520.75,366.25,29.72
"Hoskins","FH-39",2009,39.00,1969.25,1628.00,17.27
"Hoskins","FH-40",2007,40.00,1474.00,698.50,52.75
"Hoskins","FH-40",2008,40.00,508.75,439.00,13.72
"Hoskins","FH-40",2009,40.00,1933.75,915.50,52.63
"Hoskins","FH-42",2007,42.00,1440.75,861.00,41.10
"Hoskins","FH-42",2008,42.00,580.50,447.75,22.82
"Hoskins","FH-42",2009,42.00,1998.25,1600.75,19.92
"Hoskins","FH-43",2006,43.00,1229.66,700.33,43.07
"Hoskins","FH-43",2007,43.00,1479.00,747.50,49.44
"Hoskins","FH-43",2008,43.00,581.00,346.00,41.18
"Hoskins","FH-43",2009,43.00,1989.75,698.50,64.82
"Hoskins","FH-44",2007,44.00,1177.25,593.25,54.70
"Hoskins","FH-44",2008,44.00,544.25,367.00,32.62
"Hoskins","FH-44",2009,44.00,1981.75,996.75,49.66
"Hoskins","FH-49",2006,49.00,1246.33,906.33,27.25
"Hoskins","FH-49",2007,49.00,1517.50,1100.75,27.37
"Hoskins","FH-49",2008,49.00,503.25,399.25,20.61
"Hoskins","FH-49",2009,49.00,1945.50,1374.75,28.98
"Hoskins","FH-50",2006,50.00,1237.33,691.33,44.31
"Hoskins","FH-50",2007,50.00,1142.50,517.00,58.97
"Hoskins","FH-50",2008,50.00,381.00,293.50,35.50
"Hoskins","FH-50",2009,50.00,1938.50,1263.75,34.74
"Hoskins","FH-6",2006,6.00,1236.33,849.33,31.31
"Hoskins","FH-6",2007,6.00,1405.00,1081.25,23.21
"Hoskins","FH-6",2008,6.00,568.50,501.50,11.83
"Hoskins","FH-6",2009,6.00,2198.75,1770.50,19.63
"Hoskins","FH-9",2006,9.00,1249.00,725.66,41.97
"Hoskins","FH-9",2007,9.00,1291.75,626.00,51.65
"Hoskins","FH-9",2008,9.00,563.50,389.25,30.90
"Hoskins","FH-9",2009,9.00,1885.50,903.00,51.99
"Mima","MM-1",2006,1.00,1108.00,869.00,21.69
"Mima","MM-1",2007,1.00,1351.00,1248.25,7.48
"Mima","MM-1",2008,1.00,434.75,226.75,47.73
"Mima","MM-1",2009,1.00,1761.75,1328.50,24.51
"Mima","MM-10",2006,10.00,1068.00,671.33,37.05
"Mima","MM-10",2007,10.00,1452.50,727.50,50.07
"Mima","MM-10",2008,10.00,460.50,177.00,61.81
"Mima","MM-10",2009,10.00,1850.25,757.25,59.14
"Mima","MM-11",2006,11.00,1049.66,651.00,37.47
"Mima","MM-11",2007,11.00,1457.00,1131.00,22.23
"Mima","MM-11",2008,11.00,464.00,328.00,29.09
"Mima","MM-11",2009,11.00,1844.25,1270.50,31.09
"Mima","MM-12",2007,12.00,1465.25,1171.75,19.92
"Mima","MM-12",2008,12.00,463.00,189.75,58.96
"Mima","MM-12",2009,12.00,1835.25,969.75,47.05
"Mima","MM-13",2006,13.00,939.66,661.33,29.80
"Mima","MM-13",2007,13.00,1468.75,1263.75,13.81
"Mima","MM-13",2008,13.00,463.75,330.50,28.55
"Mima","MM-13",2009,13.00,1837.75,1316.75,28.42
"Mima","MM-14",2006,14.00,948.33,593.00,37.61
"Mima","MM-14",2007,14.00,1469.00,1171.50,20.16
"Mima","MM-14",2008,14.00,464.00,279.75,39.58
"Mima","MM-14",2009,14.00,1896.50,1563.25,17.46
"Mima","MM-15",2006,15.00,973.33,774.00,20.57
"Mima","MM-15",2007,15.00,1483.50,1019.50,31.15
"Mima","MM-15",2008,15.00,479.00,384.25,19.58
"Mima","MM-15",2009,15.00,1856.00,1442.75,22.24
"Mima","MM-16",2006,16.00,1000.66,501.00,49.85
"Mima","MM-16",2007,16.00,1482.25,844.25,43.01
"Mima","MM-16",2008,16.00,471.75,255.25,45.76
"Mima","MM-16",2009,16.00,1853.75,902.25,51.42
"Mima","MM-17",2006,17.00,974.33,516.00,47.03
"Mima","MM-17",2007,17.00,1493.00,1306.75,12.29
"Mima","MM-17",2008,17.00,481.00,265.50,44.67
"Mima","MM-17",2009,17.00,1869.25,1322.00,29.26
"Mima","MM-18",2006,18.00,876.33,578.66,33.75
"Mima","MM-18",2007,18.00,1495.50,1046.75,30.11
"Mima","MM-18",2008,18.00,474.00,281.00,40.65
"Mima","MM-18",2009,18.00,1877.00,1171.75,37.73
"Mima","MM-19",2006,19.00,885.33,563.66,36.73
"Mima","MM-19",2007,19.00,1509.50,1215.00,19.52
"Mima","MM-19",2008,19.00,469.00,329.50,29.61
"Mima","MM-19",2009,19.00,1877.50,1272.50,32.28
"Mima","MM-2",2006,2.00,1083.00,872.33,19.24
"Mima","MM-2",2007,2.00,1376.25,1190.00,13.33
"Mima","MM-2",2008,2.00,437.25,279.25,35.99
"Mima","MM-2",2009,2.00,1776.75,1372.50,22.70
"Mima","MM-20",2006,20.00,895.66,375.00,58.43
"Mima","MM-20",2007,20.00,1482.75,1381.00,6.75
"Mima","MM-20",2008,20.00,471.75,338.00,28.41
"Mima","MM-20",2009,20.00,1883.50,1671.00,11.17
"Mima","MM-3",2006,3.00,1158.66,943.66,18.47
"Mima","MM-3",2007,3.00,1392.75,1187.00,14.50
"Mima","MM-3",2008,3.00,422.25,254.75,39.57
"Mima","MM-3",2009,3.00,1786.75,1290.00,27.76
"Mima","MM-4",2006,4.00,1119.33,932.33,16.42
"Mima","MM-4",2007,4.00,1402.75,1022.00,26.99
"Mima","MM-4",2008,4.00,444.50,338.75,23.71
"Mima","MM-4",2009,4.00,1780.75,1408.50,20.80
"Mima","MM-5",2006,5.00,1115.66,721.33,35.34
"Mima","MM-5",2007,5.00,1413.25,830.00,41.24
"Mima","MM-5",2008,5.00,447.00,106.50,76.36
"Mima","MM-5",2009,5.00,1849.25,747.75,59.68
"Mima","MM-6",2006,6.00,1090.66,915.33,16.14
"Mima","MM-6",2007,6.00,1440.25,1143.50,20.59
"Mima","MM-6",2008,6.00,450.50,297.25,34.02
"Mima","MM-6",2009,6.00,1784.25,1166.75,34.50
"Mima","MM-7",2006,7.00,1081.33,791.33,26.79
"Mima","MM-7",2007,7.00,1437.50,1083.25,24.37
"Mima","MM-7",2008,7.00,445.75,212.50,52.26
"Mima","MM-7",2009,7.00,1827.50,1065.75,41.94
"Mima","MM-8",2006,8.00,1078.00,476.66,55.93
"Mima","MM-8",2007,8.00,1446.25,1172.75,18.67
"Mima","MM-8",2008,8.00,456.25,253.50,44.45
"Mima","MM-8",2009,8.00,1747.00,1193.25,31.55
"Mima","MM-9",2006,9.00,1070.00,809.66,24.37
"Mima","MM-9",2007,9.00,1458.25,577.00,60.24
"Mima","MM-9",2008,9.00,456.50,136.50,70.07
"Mima","MM-9",2009,9.00,1818.50,729.75,59.73
"Morgan","MP-1",2006,1.00,1297.66,891.33,31.27
"Morgan","MP-1",2007,1.00,1421.00,1341.00,5.68
"Morgan","MP-1",2008,1.00,500.25,316.50,36.68
"Morgan","MP-1",2009,1.00,1861.25,1652.25,11.09
"Morgan","MP-10",2006,10.00,1385.00,1171.33,15.44
"Morgan","MP-10",2007,10.00,1335.25,1137.75,14.90
"Morgan","MP-10",2008,10.00,492.75,367.00,25.47
"Morgan","MP-10",2009,10.00,1779.25,1347.00,24.36
"Morgan","MP-11",2006,11.00,1373.33,1004.33,26.82
"Morgan","MP-11",2007,11.00,1321.75,1216.00,7.95
"Morgan","MP-11",2008,11.00,490.25,406.25,17.10
"Morgan","MP-11",2009,11.00,1756.50,1589.25,9.36
"Morgan","MP-12",2006,12.00,1369.00,542.66,60.39
"Morgan","MP-12",2007,12.00,1321.00,784.75,40.28
"Morgan","MP-12",2008,12.00,489.25,310.25,36.54
"Morgan","MP-12",2009,12.00,1737.25,1147.00,33.80
"Morgan","MP-13",2006,13.00,1351.66,857.00,36.54
"Morgan","MP-13",2007,13.00,1315.00,1216.25,7.52
"Morgan","MP-13",2008,13.00,487.25,393.00,19.35
"Morgan","MP-13",2009,13.00,1757.00,1445.25,17.66
"Morgan","MP-14",2006,14.00,1374.66,625.00,54.63
"Morgan","MP-14",2007,14.00,1299.25,927.00,29.00
"Morgan","MP-14",2008,14.00,486.50,353.00,27.56
"Morgan","MP-14",2009,14.00,1697.75,1211.50,28.52
"Morgan","MP-15",2006,15.00,1368.00,1030.00,24.71
"Morgan","MP-15",2007,15.00,1288.75,1082.25,16.17
"Morgan","MP-15",2008,15.00,488.75,349.50,28.62
"Morgan","MP-15",2009,15.00,1727.25,1093.75,36.77
"Morgan","MP-16",2006,16.00,1362.33,516.66,61.96
"Morgan","MP-16",2007,16.00,1269.25,730.50,42.02
"Morgan","MP-16",2008,16.00,494.50,321.75,34.83
"Morgan","MP-16",2009,16.00,1719.50,657.25,61.66
"Morgan","MP-17",2006,17.00,1364.00,1196.66,12.26
"Morgan","MP-17",2007,17.00,1262.00,1000.75,20.69
"Morgan","MP-17",2008,17.00,485.75,361.50,25.43
"Morgan","MP-17",2009,17.00,1698.75,1267.00,25.21
"Morgan","MP-18",2006,18.00,1319.00,845.00,35.94
"Morgan","MP-18",2007,18.00,1251.00,1165.25,7.02
"Morgan","MP-18",2008,18.00,481.25,398.75,16.91
"Morgan","MP-18",2009,18.00,1700.25,1370.25,19.34
"Morgan","MP-19",2006,19.00,1347.33,854.00,36.61
"Morgan","MP-19",2007,19.00,1252.25,1137.75,9.29
"Morgan","MP-19",2008,19.00,485.25,339.00,30.11
"Morgan","MP-19",2009,19.00,1705.00,1557.00,8.60
"Morgan","MP-2",2006,2.00,1306.66,773.66,40.89
"Morgan","MP-2",2007,2.00,1422.00,1373.00,3.45
"Morgan","MP-2",2008,2.00,496.50,365.25,26.43
"Morgan","MP-2",2009,2.00,1849.25,1588.50,13.99
"Morgan","MP-20",2006,20.00,1348.33,1254.33,6.92
"Morgan","MP-20",2007,20.00,1235.50,956.75,22.50
"Morgan","MP-20",2008,20.00,483.25,357.75,25.86
"Morgan","MP-20",2009,20.00,1703.50,1079.25,36.48
"Morgan","MP-3",2006,3.00,1329.66,898.66,32.38
"Morgan","MP-3",2007,3.00,1412.75,1295.50,8.22
"Morgan","MP-3",2008,3.00,496.00,382.25,22.91
"Morgan","MP-3",2009,3.00,1830.25,1641.50,10.30
"Morgan","MP-4",2006,4.00,1260.66,442.66,65.19
"Morgan","MP-4",2007,4.00,1404.00,661.50,52.83
"Morgan","MP-4",2008,4.00,493.00,303.00,38.57
"Morgan","MP-4",2009,4.00,1815.50,715.75,60.46
"Morgan","MP-5",2006,5.00,1007.66,829.33,17.64
"Morgan","MP-5",2007,5.00,1379.25,1068.00,22.44
"Morgan","MP-5",2008,5.00,492.50,350.50,28.65
"Morgan","MP-5",2009,5.00,1808.50,1076.00,40.48
"Morgan","MP-6",2006,6.00,706.66,901.33,-135.15
"Morgan","MP-6",2007,6.00,1377.00,1179.25,14.16
"Morgan","MP-6",2008,6.00,490.00,393.25,19.66
"Morgan","MP-6",2009,6.00,1777.75,1243.75,29.92
"Morgan","MP-7",2006,7.00,1243.33,1080.00,13.15
"Morgan","MP-7",2007,7.00,1370.50,1087.50,20.83
"Morgan","MP-7",2008,7.00,494.25,398.50,19.42
"Morgan","MP-7",2009,7.00,1804.25,1394.25,22.68
"Morgan","MP-8",2006,8.00,1433.33,629.33,56.03
"Morgan","MP-8",2007,8.00,1354.00,1299.25,4.08
"Morgan","MP-8",2008,8.00,497.50,362.50,27.11
"Morgan","MP-8",2009,8.00,1781.25,1519.25,14.91
"Morgan","MP-9",2006,9.00,1179.33,1117.66,5.33
"Morgan","MP-9",2007,9.00,1340.00,1095.75,18.03
"Morgan","MP-9",2008,9.00,489.25,387.50,20.66
"Morgan","MP-9",2009,9.00,1772.50,1270.75,28.46
"Morgan","MPL-1",2008,99.00,487.00,426.00,12.52
"Morgan","MPL-10",2008,99.00,490.00,389.00,20.61
"Morgan","MPL-11",2008,99.00,483.00,464.00,3.93
"Morgan","MPL-12",2008,99.00,488.00,478.00,2.04
"Morgan","MPL-13",2008,99.00,488.00,404.00,17.21
"Morgan","MPL-14",2008,99.00,489.00,234.00,52.14
"Morgan","MPL-15",2008,99.00,490.00,337.00,31.22
"Morgan","MPL-16",2008,99.00,480.00,451.00,6.04
"Morgan","MPL-17",2008,99.00,482.00,402.00,16.59
"Morgan","MPL-18",2008,99.00,484.00,394.00,18.59
"Morgan","MPL-19",2008,99.00,485.00,417.00,14.02
"Morgan","MPL-2",2008,99.00,490.00,436.00,11.02
"Morgan","MPL-20",2008,99.00,488.00,370.00,24.18
"Morgan","MPL-3",2008,99.00,486.00,315.00,35.18
"Morgan","MPL-4",2008,99.00,490.00,303.00,38.16
"Morgan","MPL-5",2008,99.00,484.00,233.00,51.85
"Morgan","MPL-6",2008,99.00,485.00,445.00,8.24
"Morgan","MPL-7",2008,99.00,489.00,444.00,9.20
"Morgan","MPL-8",2008,99.00,490.00,385.00,21.42
"Morgan","MPL-9",2008,99.00,495.00,385.00,22.22
"Pigeon","PB-12",2006,12.00,1199.33,538.00,54.65
"Pigeon","PB-12",2007,12.00,1357.50,44.25,96.93
"Pigeon","PB-12",2008,12.00,504.00,263.00,47.90
"Pigeon","PB-12",2009,12.00,1761.25,177.25,89.89
"Pigeon","PB-17",2006,17.00,1182.33,482.66,59.14
"Pigeon","PB-17",2007,17.00,1602.50,694.75,56.75
"Pigeon","PB-17",2008,17.00,508.25,229.25,54.86
"Pigeon","PB-17",2009,17.00,1846.25,644.00,64.78
"Pigeon","PB-18",2006,18.00,1219.00,943.33,22.66
"Pigeon","PB-18",2007,18.00,1598.25,781.75,51.25
"Pigeon","PB-18",2008,18.00,505.50,275.00,45.74
"Pigeon","PB-18",2009,18.00,1829.25,875.25,51.93
"Pigeon","PB-2",2006,2.00,1498.33,738.66,50.75
"Pigeon","PB-2",2007,2.00,1571.00,418.00,73.51
"Pigeon","PB-2",2008,2.00,511.50,382.25,25.32
"Pigeon","PB-2",2009,2.00,1825.25,832.75,54.71
"Pigeon","PB-24",2006,24.00,1279.00,433.66,66.06
"Pigeon","PB-24",2007,24.00,1580.00,187.50,88.15
"Pigeon","PB-24",2008,24.00,504.25,301.75,40.02
"Pigeon","PB-24",2009,24.00,1847.00,711.25,61.55
"Pigeon","PB-26",2006,26.00,1335.66,636.33,52.54
"Pigeon","PB-26",2007,26.00,1592.25,577.25,63.91
"Pigeon","PB-26",2008,26.00,507.75,205.00,59.62
"Pigeon","PB-26",2009,26.00,1847.50,445.50,75.76
"Pigeon","PB-27",2006,27.00,1305.33,642.33,51.11
"Pigeon","PB-27",2007,27.00,1574.75,725.00,53.75
"Pigeon","PB-27",2008,27.00,505.75,255.75,49.40
"Pigeon","PB-27",2009,27.00,1879.00,621.50,66.79
"Pigeon","PB-28",2006,28.00,1186.33,600.66,49.30
"Pigeon","PB-28",2007,28.00,1595.75,354.75,77.77
"Pigeon","PB-28",2008,28.00,504.75,281.00,44.31
"Pigeon","PB-28",2009,28.00,1885.75,710.75,62.46
"Pigeon","PB-3",2006,3.00,1500.00,689.00,54.05
"Pigeon","PB-3",2007,3.00,1573.00,255.00,83.80
"Pigeon","PB-3",2008,3.00,512.25,354.75,30.89
"Pigeon","PB-3",2009,3.00,1815.00,578.50,68.29
"Pigeon","PB-32",2006,32.00,1179.00,169.33,85.72
"Pigeon","PB-32",2007,32.00,1560.75,112.00,92.85
"Pigeon","PB-32",2008,32.00,380.00,190.75,45.97
"Pigeon","PB-32",2009,32.00,1893.00,470.50,75.16
"Pigeon","PB-35",2006,35.00,1323.66,560.66,57.63
"Pigeon","PB-35",2007,35.00,1617.75,605.25,62.63
"Pigeon","PB-35",2008,35.00,504.75,261.75,48.08
"Pigeon","PB-35",2009,35.00,1895.00,880.25,53.40
"Pigeon","PB-39",2006,39.00,1070.33,555.00,48.15
"Pigeon","PB-39",2007,39.00,1214.50,546.75,57.61
"Pigeon","PB-39",2008,39.00,383.75,212.25,44.88
"Pigeon","PB-39",2009,39.00,535.50,268.25,58.84
"Pigeon","PB-42",2006,42.00,1485.66,270.00,81.85
"Pigeon","PB-42",2007,42.00,1559.25,83.25,94.66
"Pigeon","PB-42",2008,42.00,502.75,278.75,44.55
"Pigeon","PB-42",2009,42.00,1908.75,512.75,73.11
"Pigeon","PB-43",2006,43.00,1506.33,502.00,66.62
"Pigeon","PB-43",2007,43.00,1581.75,118.75,92.45
"Pigeon","PB-43",2008,43.00,503.75,255.75,49.14
"Pigeon","PB-43",2009,43.00,1911.75,498.50,73.98
"Pigeon","PB-44",2006,44.00,1460.00,581.33,60.01
"Pigeon","PB-44",2007,44.00,1590.00,41.75,97.39
"Pigeon","PB-44",2008,44.00,504.25,251.25,49.89
"Pigeon","PB-44",2009,44.00,1904.25,323.50,83.09
"Pigeon","PB-45",2006,45.00,1432.33,870.00,39.18
"Pigeon","PB-45",2007,45.00,1611.75,513.00,68.20
"Pigeon","PB-45",2008,45.00,504.50,359.00,29.01
"Pigeon","PB-45",2009,45.00,1941.25,1069.00,44.91
"Pigeon","PB-46",2006,46.00,1397.00,791.00,43.49
"Pigeon","PB-46",2007,46.00,1593.75,354.00,77.89
"Pigeon","PB-46",2008,46.00,505.50,337.00,33.32
"Pigeon","PB-46",2009,46.00,1932.00,709.00,63.31
"Pigeon","PB-5",2006,5.00,1487.00,924.33,37.58
"Pigeon","PB-5",2007,5.00,1574.00,112.00,92.88
"Pigeon","PB-5",2008,5.00,513.25,175.25,65.76
"Pigeon","PB-5",2009,5.00,1787.25,351.75,80.28
"Pigeon","PB-6",2006,6.00,1299.33,498.00,61.69
"Pigeon","PB-6",2007,6.00,1581.25,403.75,74.36
"Pigeon","PB-6",2008,6.00,509.25,193.75,61.81
"Pigeon","PB-6",2009,6.00,1817.75,531.75,70.91
"Pigeon","PB-9",2006,9.00,1252.00,578.33,53.82
"Pigeon","PB-9",2007,9.00,1193.50,352.00,69.56
"Pigeon","PB-9",2008,9.00,428.00,224.00,48.16
"Pigeon","PB-9",2009,9.00,1473.75,389.75,77.43
"Scatter","SC-1",2006,1.00,1411.50,968.25,31.43
"Scatter","SC-1",2007,1.00,1530.75,1368.00,10.62
"Scatter","SC-1",2008,1.00,442.75,276.00,37.17
"Scatter","SC-1",2009,1.00,1921.75,1432.00,25.23
"Scatter","SC-10",2006,10.00,1441.00,1097.25,24.08
"Scatter","SC-10",2007,10.00,1372.50,834.50,39.15
"Scatter","SC-10",2008,10.00,438.50,259.25,41.08
"Scatter","SC-10",2009,10.00,1848.25,1098.25,40.45
"Scatter","SC-11",2006,11.00,1421.25,1146.75,19.41
"Scatter","SC-11",2007,11.00,1415.25,1084.50,23.27
"Scatter","SC-11",2008,11.00,437.00,232.50,47.01
"Scatter","SC-11",2009,11.00,1835.00,782.50,57.41
"Scatter","SC-12",2006,12.00,1440.75,578.50,59.80
"Scatter","SC-12",2007,12.00,1372.25,441.25,67.95
"Scatter","SC-12",2008,12.00,443.25,171.00,61.43
"Scatter","SC-12",2009,12.00,1834.75,894.75,51.34
"Scatter","SC-13",2006,13.00,1348.75,446.00,66.95
"Scatter","SC-13",2007,13.00,1323.25,182.00,86.27
"Scatter","SC-13",2008,13.00,441.00,103.50,76.49
"Scatter","SC-13",2009,13.00,1824.00,569.75,68.79
"Scatter","SC-14",2006,14.00,1349.50,601.25,55.47
"Scatter","SC-14",2007,14.00,1318.00,1129.25,14.54
"Scatter","SC-14",2008,14.00,448.75,205.75,54.20
"Scatter","SC-14",2009,14.00,1813.75,1381.75,23.80
"Scatter","SC-15",2006,15.00,1340.00,992.25,25.96
"Scatter","SC-15",2007,15.00,1307.75,778.50,41.28
"Scatter","SC-15",2008,15.00,447.25,166.25,62.90
"Scatter","SC-15",2009,15.00,1831.00,659.50,64.06
"Scatter","SC-16",2006,16.00,1362.25,857.00,36.97
"Scatter","SC-16",2007,16.00,1276.50,795.50,37.71
"Scatter","SC-16",2008,16.00,448.25,211.25,52.93
"Scatter","SC-16",2009,16.00,1843.50,778.25,57.74
"Scatter","SC-17",2006,17.00,1361.25,583.75,57.05
"Scatter","SC-17",2007,17.00,1271.50,1051.25,16.97
"Scatter","SC-17",2008,17.00,449.00,256.50,43.08
"Scatter","SC-17",2009,17.00,1856.00,1497.00,19.51
"Scatter","SC-18",2006,18.00,1331.25,446.50,66.47
"Scatter","SC-18",2007,18.00,1159.25,85.50,92.69
"Scatter","SC-18",2008,18.00,451.75,93.50,79.30
"Scatter","SC-18",2009,18.00,1842.50,582.50,68.60
"Scatter","SC-19",2006,19.00,1345.00,883.75,34.23
"Scatter","SC-19",2007,19.00,1169.00,681.25,41.55
"Scatter","SC-19",2008,19.00,454.50,248.25,45.40
"Scatter","SC-19",2009,19.00,1840.00,1005.25,45.49
"Scatter","SC-2",2006,2.00,1407.00,646.75,53.99
"Scatter","SC-2",2007,2.00,1492.50,1230.00,17.49
"Scatter","SC-2",2008,2.00,437.25,237.00,45.64
"Scatter","SC-2",2009,2.00,1916.00,1594.25,16.82
"Scatter","SC-20",2006,20.00,1326.50,600.00,54.58
"Scatter","SC-20",2007,20.00,1174.25,166.25,85.73
"Scatter","SC-20",2008,20.00,450.00,113.75,74.85
"Scatter","SC-20",2009,20.00,1841.25,529.25,71.36
"Scatter","SC-3",2006,3.00,1442.00,490.25,65.89
"Scatter","SC-3",2007,3.00,1476.25,1201.25,18.56
"Scatter","SC-3",2008,3.00,432.25,199.75,53.69
"Scatter","SC-3",2009,3.00,1920.75,1404.75,26.71
"Scatter","SC-4",2006,4.00,1398.50,818.75,41.05
"Scatter","SC-4",2007,4.00,1471.25,1261.00,14.24
"Scatter","SC-4",2008,4.00,434.50,218.50,49.90
"Scatter","SC-4",2009,4.00,1910.25,1357.25,29.01
"Scatter","SC-5",2006,5.00,1404.25,1154.75,17.80
"Scatter","SC-5",2007,5.00,1440.25,1037.25,28.31
"Scatter","SC-5",2008,5.00,439.50,247.50,43.59
"Scatter","SC-5",2009,5.00,1925.50,992.50,48.54
"Scatter","SC-6",2006,6.00,1413.00,963.00,31.64
"Scatter","SC-6",2007,6.00,1446.00,1108.25,23.50
"Scatter","SC-6",2008,6.00,441.25,267.00,39.47
"Scatter","SC-6",2009,6.00,1898.00,1096.00,42.41
"Scatter","SC-7",2006,7.00,1426.25,736.75,48.17
"Scatter","SC-7",2007,7.00,1437.25,1212.75,15.51
"Scatter","SC-7",2008,7.00,436.25,220.75,49.30
"Scatter","SC-7",2009,7.00,1913.25,1483.75,22.42
"Scatter","SC-8",2006,8.00,1448.25,680.75,53.12
"Scatter","SC-8",2007,8.00,1424.25,1213.25,14.85
"Scatter","SC-8",2008,8.00,446.75,214.50,51.95
"Scatter","SC-8",2009,8.00,1910.00,1528.00,19.83
"Scatter","SC-9",2006,9.00,1421.50,914.75,35.70
"Scatter","SC-9",2007,9.00,1356.75,575.00,57.40
"Scatter","SC-9",2008,9.00,447.25,177.75,60.25
"Scatter","SC-9",2009,9.00,1807.25,743.75,58.86
"Triangle","TR-1",2006,1.00,1386.33,902.00,34.93
"Triangle","TR-1",2007,1.00,1515.50,908.50,40.00
"Triangle ","TR-1",2008,1.00,501.25,243.75,51.27
"Triangle","TR-1",2009,1.00,1756.75,837.25,52.59
"Triangle","TR-10",2006,10.00,1407.33,891.33,36.64
"Triangle","TR-10",2007,10.00,1530.50,1109.25,27.56
"Triangle ","TR-10",2008,10.00,509.50,372.50,26.87
"Triangle","TR-10",2009,10.00,1804.75,1053.25,41.81
"Triangle","TR-11",2006,11.00,1408.66,363.33,74.11
"Triangle","TR-11",2007,11.00,1384.25,913.00,34.38
"Triangle ","TR-11",2008,11.00,531.75,251.75,52.53
"Triangle","TR-11",2009,11.00,1802.50,1174.00,34.87
"Triangle","TR-12",2006,12.00,1412.00,549.33,60.99
"Triangle","TR-12",2007,12.00,1302.75,398.50,68.97
"Triangle ","TR-12",2008,12.00,539.75,235.50,55.87
"Triangle","TR-12",2009,12.00,1806.25,780.50,56.95
"Triangle","TR-13",2006,13.00,1395.66,1046.00,24.98
"Triangle","TR-13",2007,13.00,1350.00,1127.25,16.18
"Triangle ","TR-13",2008,13.00,487.00,269.50,44.09
"Triangle","TR-13",2009,13.00,1841.00,879.50,52.16
"Triangle","TR-14",2006,14.00,1410.66,688.33,51.19
"Triangle","TR-14",2007,14.00,1379.25,1133.50,17.91
"Triangle ","TR-14",2008,14.00,438.25,264.50,39.83
"Triangle","TR-14",2009,14.00,1819.75,1290.25,29.14
"Triangle","TR-15",2006,15.00,1406.33,814.33,42.10
"Triangle","TR-15",2007,15.00,1448.50,977.25,32.79
"Triangle ","TR-15",2008,15.00,434.00,213.25,51.24
"Triangle","TR-15",2009,15.00,1818.00,1460.75,19.69
"Triangle","TR-16",2006,16.00,1417.66,488.00,65.61
"Triangle","TR-16",2007,16.00,1419.25,677.00,51.80
"Triangle ","TR-16",2008,16.00,527.25,239.75,53.45
"Triangle","TR-16",2009,16.00,1821.00,879.75,51.59
"Triangle","TR-17",2006,17.00,1408.00,1256.33,10.79
"Triangle","TR-17",2007,17.00,1431.75,1000.00,30.07
"Triangle ","TR-17",2008,17.00,501.75,297.00,40.88
"Triangle","TR-17",2009,17.00,1849.75,1315.25,28.68
"Triangle","TR-18",2006,18.00,1396.66,396.00,71.68
"Triangle","TR-18",2007,18.00,1354.75,641.50,53.30
"Triangle ","TR-18",2008,18.00,495.75,243.50,50.81
"Triangle","TR-18",2009,18.00,1854.25,760.50,58.78
"Triangle","TR-19",2006,19.00,1386.00,628.66,54.70
"Triangle","TR-19",2007,19.00,1284.50,915.00,29.25
"Triangle ","TR-19",2008,19.00,492.25,325.50,34.05
"Triangle","TR-19",2009,19.00,1855.75,1259.50,32.09
"Triangle","TR-2",2006,2.00,1410.33,286.33,79.55
"Triangle","TR-2",2007,2.00,1535.25,762.00,50.33
"Triangle ","TR-2",2008,2.00,503.00,175.75,65.18
"Triangle","TR-2",2009,2.00,1774.50,473.25,73.31
"Triangle","TR-20",2006,20.00,1400.00,212.00,84.83
"Triangle","TR-20",2007,20.00,1271.50,845.50,32.06
"Triangle ","TR-20",2008,20.00,482.75,200.25,58.58
"Triangle","TR-20",2009,20.00,1861.25,781.00,57.86
"Triangle","TR-3",2006,3.00,1400.66,965.66,31.13
"Triangle","TR-3",2007,3.00,1558.00,868.00,44.48
"Triangle ","TR-3",2008,3.00,503.00,265.75,47.37
"Triangle","TR-3",2009,3.00,1782.75,745.00,58.58
"Triangle","TR-4",2006,4.00,1419.00,1134.33,20.12
"Triangle","TR-4",2007,4.00,1560.25,1067.50,31.89
"Triangle ","TR-4",2008,4.00,496.00,179.25,64.03
"Triangle","TR-4",2009,4.00,1783.75,804.00,54.79
"Triangle","TR-5",2006,5.00,1409.00,866.00,38.58
"Triangle","TR-5",2007,5.00,1557.75,895.00,42.34
"Triangle ","TR-5",2008,5.00,496.25,253.25,49.04
"Triangle","TR-5",2009,5.00,1800.25,651.75,63.70
"Triangle","TR-6",2006,6.00,1424.33,543.66,61.82
"Triangle","TR-6",2007,6.00,1562.50,1340.50,14.07
"Triangle ","TR-6",2008,6.00,494.00,288.00,41.27
"Triangle","TR-6",2009,6.00,1791.75,1482.00,17.35
"Triangle","TR-7",2006,7.00,1413.66,1100.00,22.19
"Triangle","TR-7",2007,7.00,1549.50,927.00,40.29
"Triangle ","TR-7",2008,7.00,494.25,248.50,49.42
"Triangle","TR-7",2009,7.00,1796.75,995.75,44.78
"Triangle","TR-8",2006,8.00,1403.33,566.66,59.62
"Triangle","TR-8",2007,8.00,1536.00,1149.25,25.26
"Triangle ","TR-8",2008,8.00,485.25,248.50,48.58
"Triangle","TR-8",2009,8.00,1788.25,1186.75,33.52
"Triangle","TR-9",2006,9.00,1413.66,1030.33,27.11
"Triangle","TR-9",2007,9.00,1524.25,1371.50,9.99
"Triangle ","TR-9",2008,9.00,504.25,402.00,20.21
"Triangle","TR-9",2009,9.00,1806.75,1393.75,22.69
"Triangle ","TRL-1",2008,99.00,490.00,234.00,52.24
"Triangle ","TRL-10",2008,99.00,485.00,242.00,50.10
"Triangle ","TRL-11",2008,99.00,482.00,117.00,75.72
"Triangle ","TRL-12",2008,99.00,470.00,56.00,88.08
"Triangle ","TRL-13",2008,99.00,415.00,67.00,83.85
"Triangle ","TRL-14",2008,99.00,489.00,133.00,72.80
"Triangle ","TRL-15",2008,99.00,434.00,221.00,49.07
"Triangle ","TRL-16",2008,99.00,432.00,104.00,75.92
"Triangle ","TRL-17",2008,99.00,482.00,114.00,76.34
"Triangle ","TRL-18",2008,99.00,505.00,78.00,84.55
"Triangle ","TRL-19",2008,99.00,416.00,110.00,73.55
"Triangle ","TRL-2",2008,99.00,479.00,138.00,71.18
"Triangle ","TRL-20",2008,99.00,416.00,243.00,41.58
"Triangle ","TRL-3",2008,99.00,468.00,43.00,90.81
"Triangle ","TRL-4",2008,99.00,482.00,14.00,97.09
"Triangle ","TRL-5",2008,99.00,489.00,70.00,85.68
"Triangle ","TRL-6",2008,99.00,485.00,55.00,88.65
"Triangle ","TRL-7",2008,99.00,481.00,245.00,49.06
"Triangle ","TRL-8",2008,99.00,490.00,175.00,64.28
"Triangle ","TRL-9",2008,99.00,497.00,54.00,89.13
"Weir","SW-1",2006,1.00,1470.00,954.33,35.00
"Weir","SW-1",2007,1.00,1597.25,1389.75,12.95
"Weir","SW-1",2008,1.00,468.25,279.25,40.50
"Weir","SW-1",2009,1.00,1837.75,1479.50,19.58
"Weir","SW-10",2006,10.00,1355.33,323.00,78.17
"Weir","SW-10",2007,10.00,1367.50,506.25,63.26
"Weir","SW-10",2008,10.00,474.00,265.50,44.14
"Weir","SW-10",2009,10.00,2090.75,1250.25,40.21
"Weir","SW-11",2006,11.00,1521.33,1219.00,19.81
"Weir","SW-11",2007,11.00,1359.50,1207.25,10.71
"Weir","SW-11",2008,11.00,476.25,410.75,13.51
"Weir","SW-11",2009,11.00,2102.75,1852.25,12.02
"Weir","SW-12",2006,12.00,1494.00,1111.66,25.41
"Weir","SW-12",2007,12.00,1286.00,1004.50,22.00
"Weir","SW-12",2008,12.00,474.50,352.75,25.72
"Weir","SW-12",2009,12.00,1979.25,1680.00,15.00
"Weir","SW-13",2006,13.00,1167.00,682.33,41.26
"Weir","SW-13",2007,13.00,1339.50,1103.00,17.46
"Weir","SW-13",2008,13.00,480.50,381.00,20.73
"Weir","SW-13",2009,13.00,2007.75,1584.25,20.83
"Weir","SW-14",2006,14.00,1377.66,1082.33,24.28
"Weir","SW-14",2007,14.00,1362.75,1107.75,17.99
"Weir","SW-14",2008,14.00,480.50,396.00,17.69
"Weir","SW-14",2009,14.00,2017.00,1840.00,8.81
"Weir","SW-15",2006,15.00,1564.33,565.66,63.87
"Weir","SW-15",2007,15.00,1264.25,427.25,66.47
"Weir","SW-15",2008,15.00,481.00,272.25,43.82
"Weir","SW-15",2009,15.00,2070.50,1042.00,49.56
"Weir","SW-16",2006,16.00,1503.33,596.33,60.36
"Weir","SW-16",2007,16.00,1306.75,1009.50,22.60
"Weir","SW-16",2008,16.00,477.75,278.00,41.61
"Weir","SW-16",2009,16.00,2153.50,1686.50,21.57
"Weir","SW-17",2006,17.00,1499.00,1142.66,23.71
"Weir","SW-17",2007,17.00,1494.75,1150.00,23.10
"Weir","SW-17",2008,17.00,484.75,370.50,23.47
"Weir","SW-17",2009,17.00,2026.50,1891.75,6.66
"Weir","SW-18",2006,18.00,1502.00,717.33,52.34
"Weir","SW-18",2007,18.00,1409.50,1264.75,10.42
"Weir","SW-18",2008,18.00,482.50,329.25,31.75
"Weir","SW-18",2009,18.00,1777.00,1524.75,14.14
"Weir","SW-19",2006,19.00,1471.33,912.66,37.76
"Weir","SW-19",2007,19.00,1373.00,1088.50,20.34
"Weir","SW-19",2008,19.00,484.00,325.50,32.72
"Weir","SW-19",2009,19.00,2036.50,1668.50,18.01
"Weir","SW-2",2006,2.00,1413.00,1265.33,10.58
"Weir","SW-2",2007,2.00,1583.50,1282.50,19.14
"Weir","SW-2",2008,2.00,469.00,322.50,31.28
"Weir","SW-2",2009,2.00,1831.00,1431.75,22.14
"Weir","SW-20",2006,20.00,1507.00,1065.33,29.30
"Weir","SW-20",2007,20.00,1147.00,1100.50,4.08
"Weir","SW-20",2008,20.00,484.50,339.50,29.96
"Weir","SW-20",2009,20.00,2018.25,1707.00,15.49
"Weir","SW-3",2006,3.00,1504.00,713.33,52.64
"Weir","SW-3",2007,3.00,1569.50,450.00,70.96
"Weir","SW-3",2008,3.00,469.25,348.00,25.61
"Weir","SW-3",2009,3.00,1868.00,1130.50,39.27
"Weir","SW-4",2006,4.00,1538.33,1007.66,34.45
"Weir","SW-4",2007,4.00,1552.25,967.00,37.86
"Weir","SW-4",2008,4.00,468.75,347.50,25.96
"Weir","SW-4",2009,4.00,1914.00,1320.50,31.05
"Weir","SW-5",2006,5.00,1526.66,521.00,65.82
"Weir","SW-5",2007,5.00,1628.25,264.50,83.96
"Weir","SW-5",2008,5.00,473.50,234.50,50.44
"Weir","SW-5",2009,5.00,1915.50,1099.25,42.66
"Weir","SW-6",2006,6.00,1520.00,1178.00,22.43
"Weir","SW-6",2007,6.00,1593.00,934.00,41.61
"Weir","SW-6",2008,6.00,469.75,283.25,39.63
"Weir","SW-6",2009,6.00,1933.75,1507.00,22.16
"Weir","SW-7",2006,7.00,1525.00,1454.66,4.64
"Weir","SW-7",2007,7.00,1551.50,1183.00,23.79
"Weir","SW-7",2008,7.00,473.25,342.75,27.45
"Weir","SW-7",2009,7.00,1968.25,1708.75,13.15
"Weir","SW-8",2006,8.00,1423.33,973.66,31.47
"Weir","SW-8",2007,8.00,1435.75,996.50,31.03
"Weir","SW-8",2008,8.00,469.75,315.25,32.95
"Weir","SW-8",2009,8.00,1969.50,1602.25,18.65
"Weir","SW-9",2006,9.00,1100.33,817.00,26.19
"Weir","SW-9",2007,9.00,1382.75,1037.25,24.85
"Weir","SW-9",2008,9.00,472.75,353.50,25.25
"Weir","SW-9",2009,9.00,2119.00,1547.00,26.99
"Weir","SWL-1",2008,99.00,410.00,235.00,42.68
"Weir","SWL-10",2008,99.00,448.00,305.00,31.91
"Weir","SWL-11",2008,99.00,465.00,313.00,32.68
"Weir","SWL-12",2008,99.00,451.00,230.00,49.00
"Weir","SWL-13",2008,99.00,447.00,342.00,23.48
"Weir","SWL-14",2008,99.00,451.00,342.00,24.16
"Weir","SWL-15",2008,99.00,453.00,375.00,17.21
"Weir","SWL-16",2008,99.00,454.00,383.00,15.63
"Weir","SWL-17",2008,99.00,453.00,275.00,39.29
"Weir","SWL-18",2008,99.00,463.00,150.00,67.60
"Weir","SWL-19",2008,99.00,465.00,332.00,28.60
"Weir","SWL-2",2008,99.00,423.00,157.00,62.88
"Weir","SWL-20",2008,99.00,464.00,371.00,20.04
"Weir","SWL-3",2008,99.00,428.00,165.00,61.44
"Weir","SWL-4",2008,99.00,423.00,160.00,62.17
"Weir","SWL-5",2008,99.00,425.00,175.00,58.82
"Weir","SWL-6",2008,99.00,448.00,271.00,39.50
"Weir","SWL-7",2008,99.00,446.00,288.00,35.42
"Weir","SWL-8",2008,99.00,445.00,353.00,20.67
"Weir","SWL-9",2008,99.00,447.00,215.00,51.90
