"ID","LabIDNum","Date","Year","Site","Treatment","PlotNum","Rep","Depth","RockMass","Tin mass (g)","tin+wet soil (g)","Tin+Dry (g)","Wet soil (g)","Dry soil (g)","% Moisture","Fraction of soild (g)","pH","Control wet (g)","Control dry (g)","NH4 corrected mg/L","NO3 corrected mg/L","Volume (L)","mg NH4/kg","mg NO3/kg soil","Field24","TOC mg/L","TN mg/L","Extractable Carbon ug C/g soil","Extractable Total Nitrogen ug TN/g soil","C%","H %","N %","Combustion C ugC/mg","Combustion H ugH/mg","Combustion N ugN/mg","WC","WS","WA","LOI","OM","Conductivity (us)","POM rock wt (g)","labeled flask and stopper (g)","sample wt (g)","wt of labeled beaker A (g)","weight of labeled beaker B (g)","wt of dried sample and beaker A (g)","weight of dried sample and beaker B(g)"
1,9220.00,38555.00,2009,"Bellfountain","Control",3.00,1.00,10.00,0.00,1.29,25.17,24.14,23.88,22.85,4.50,0.95,4.88,25.18,24.09,1.16,0.79,0.10,4.83,3.29,101.08,61.88,4.29,259.61,18.00,3.05,0.93,0.37,30.50,9.30,3.70,11.93,12.46,12.41,9.19,6.20,61.70,0.00,"105.5529",10.00,117.18,112.93,119.25,120.96
2,9227.00,38555.00,2009,"Bellfountain","Control",17.00,2.00,10.00,0.00,1.30,25.18,23.23,23.88,21.93,8.89,0.91,4.86,25.13,23.07,1.11,0.78,0.10,4.83,3.39,102.05,72.68,5.67,321.39,25.09,4.25,1.12,0.64,42.50,11.20,6.40,11.76,12.35,12.28,12.20,8.31,72.60,0.00,"114.040210.0006",112.13,113.73,114.40,127.53,
3,9233.00,38555.00,2009,"Bellfountain","Control",27.00,3.00,10.00,0.00,1.29,25.01,23.30,23.72,22.01,7.76,0.92,4.98,25.10,23.29,0.57,0.75,0.10,2.48,3.23,101.80,75.84,4.07,331.51,17.79,3.05,1.10,0.43,30.50,11.00,4.30,10.96,11.58,11.52,9.75,6.60,63.50,0.00,"108.5182",10.00,115.85,117.31,118.24,125.01
4,9236.00,38555.00,2009,"Bellfountain","Control",35.00,4.00,10.00,0.00,1.28,25.02,23.13,23.74,21.85,8.64,0.92,4.98,25.22,23.21,0.66,0.72,0.10,2.85,3.11,102.00,72.88,3.75,320.27,16.50,3.06,1.03,0.49,30.60,10.30,4.90,11.85,12.28,12.24,10.34,7.01,67.10,3.0e-03,"114.015",10.00,113.87,113.26,116.69,120.54
5,9222.00,38555.00,2009,"Bellfountain","Mow + Burn",8.00,1.00,10.00,0.00,1.30,25.03,23.62,23.73,22.32,6.31,0.94,4.57,25.09,23.59,1.66,1.29,0.10,7.05,5.49,101.49,81.96,6.86,352.47,29.51,3.36,1.13,0.65,33.60,11.30,6.50,11.99,12.50,12.44,11.35,7.71,84.00,,,,,,,
6,9223.00,38555.00,2009,"Bellfountain","Mow + Burn",10.00,2.00,10.00,0.00,1.28,25.05,23.77,23.77,22.49,5.69,0.94,5.08,25.08,23.72,3.06,1.63,0.10,12.91,6.89,101.35,73.28,7.94,312.98,33.94,3.70,1.04,0.61,37.00,10.40,6.10,11.47,12.05,11.98,11.71,7.97,93.50,,,,,,,
7,9232.00,38555.00,2009,"Bellfountain","Mow + Burn",26.00,3.00,10.00,0.00,1.27,25.38,22.90,24.11,21.63,11.46,0.89,5.26,25.09,22.50,1.75,0.99,0.10,7.80,4.42,102.58,66.48,4.16,302.96,18.95,3.39,1.12,0.51,33.90,11.20,5.10,11.27,11.68,11.64,10.12,6.86,73.10,,,,,,,
8,9237.00,38555.00,2009,"Bellfountain","Mow + Burn",37.00,4.00,10.00,0.00,1.29,25.28,23.39,23.99,22.10,8.55,0.92,4.86,25.26,23.26,2.18,1.35,0.10,9.39,5.82,101.99,78.80,6.40,345.37,28.06,4.44,1.07,0.59,44.40,10.70,5.90,11.17,11.64,11.59,12.23,8.33,74.20,,,,,,,
9,9224.00,38555.00,2009,"Bellfountain","Mow + Mow",12.00,1.00,10.00,0.00,1.31,24.95,23.11,23.64,21.80,8.44,0.92,5.07,25.41,23.43,1.36,0.78,0.10,5.82,3.34,101.97,87.00,5.60,378.62,24.40,4.17,1.13,0.78,41.70,11.30,7.80,11.64,12.23,12.15,14.19,9.70,90.20,,,,,,,
10,9234.00,38555.00,2009,"Bellfountain","Mow + Mow",33.00,2.00,10.00,0.00,1.28,25.28,23.26,24.00,21.98,9.19,0.91,4.84,25.24,23.11,1.57,0.74,0.10,6.81,3.21,102.12,100.12,7.20,442.32,31.82,4.69,1.07,0.73,46.90,10.70,7.30,11.74,12.39,12.31,12.31,8.39,74.70,,,,,,,
11,9235.00,38555.00,2009,"Bellfountain","Mow + Mow",34.00,3.00,10.00,0.00,1.29,25.34,23.36,24.05,22.07,8.97,0.91,5.08,25.35,23.26,0.66,0.72,0.10,2.86,3.13,102.08,88.24,4.28,387.23,18.81,3.99,1.09,0.56,39.90,10.90,5.60,11.18,11.66,11.60,12.50,8.52,65.70,,,,,,,
12,9238.00,38555.00,2009,"Bellfountain","Mow + Mow",40.00,4.00,10.00,0.00,1.29,25.03,23.03,23.74,21.74,9.19,0.91,4.99,25.00,22.89,1.03,0.74,0.10,4.52,3.24,102.10,71.76,4.85,320.04,21.65,3.46,1.01,0.68,34.60,10.10,6.80,11.47,12.00,11.94,11.78,8.01,83.30,,,,,,,
13,9226.00,38555.00,2009,"Bellfountain","Poast + Burn ",15.00,1.00,10.00,0.00,1.29,25.06,23.42,23.77,22.13,7.41,0.93,5.00,25.25,23.50,2.07,1.59,0.10,8.83,6.78,101.74,55.64,5.67,240.80,24.54,3.44,1.03,0.50,34.40,10.30,5.00,11.70,12.17,12.12,10.38,7.03,76.10,,,,,,,
14,9229.00,38555.00,2009,"Bellfountain","Poast + Burn ",20.00,2.00,10.00,0.00,1.28,25.31,23.16,24.03,21.88,9.82,0.91,4.72,24.89,22.66,1.66,1.65,0.10,7.35,7.30,102.22,76.40,6.83,344.61,30.83,3.34,1.14,0.50,33.40,11.40,5.00,12.04,12.55,12.49,11.47,7.80,84.90,,,,,,,
15,9230.00,38555.00,2009,"Bellfountain","Poast + Burn ",23.00,3.00,10.00,0.00,1.28,25.35,23.80,24.07,22.52,6.88,0.93,5.21,25.03,23.41,1.38,0.76,0.10,5.91,3.28,101.61,67.24,5.01,291.75,21.74,3.13,1.09,0.47,31.30,10.90,4.70,11.27,11.78,11.73,10.73,7.28,67.00,,,,,,,
16,9239.00,38555.00,2009,"Bellfountain","Poast + Burn ",44.00,4.00,10.00,0.00,1.29,25.16,23.33,23.87,22.04,8.30,0.92,5.24,25.13,23.20,1.82,0.82,0.10,7.86,3.55,101.92,69.80,5.32,306.61,23.36,4.33,1.08,0.75,43.30,10.80,7.50,11.72,12.35,12.23,19.11,13.14,94.00,,,,,,,
17,9221.00,38555.00,2009,"Bellfountain","Poast + Mow",6.00,1.00,10.00,0.00,1.28,25.11,23.68,23.83,22.40,6.38,0.93,4.61,24.93,23.43,1.03,0.86,0.10,4.42,3.67,101.49,87.28,6.31,378.02,27.35,3.90,1.02,0.56,39.00,10.20,5.60,10.99,11.49,11.43,11.07,7.52,76.20,,,,,,,
18,9225.00,38555.00,2009,"Bellfountain","Poast + Mow",13.00,2.00,10.00,0.00,1.30,25.01,22.77,23.71,21.47,10.43,0.90,5.03,25.28,22.89,1.23,0.79,0.10,5.39,3.45,102.38,77.76,5.62,347.79,25.13,4.16,1.05,0.75,41.60,10.50,7.50,11.53,12.13,12.05,12.68,8.65,92.50,,,,,,,
19,9228.00,38555.00,2009,"Bellfountain","Poast + Mow",18.00,3.00,10.00,0.00,1.31,25.26,23.42,23.95,22.11,8.32,0.92,4.83,25.09,23.16,0.52,0.77,0.10,2.24,3.34,101.92,83.76,5.25,368.59,23.12,4.29,1.10,0.54,42.90,11.00,5.40,11.56,12.05,11.99,12.36,8.42,65.40,,,,,,,
20,9231.00,38555.00,2009,"Bellfountain","Poast + Mow",24.00,4.00,10.00,0.00,1.28,25.27,23.58,23.99,22.30,7.57,0.92,5.07,25.20,23.42,0.61,0.69,0.10,2.63,2.94,101.77,72.16,2.95,313.51,12.82,2.87,1.14,0.54,28.70,11.40,5.40,11.68,12.19,12.13,11.60,7.89,69.40,,,,,,,
21,9128.00,38553.00,2009,"Glacial","Control",9.00,1.00,10.00,13.38,1.28,25.22,24.47,23.94,23.19,3.23,0.96,4.85,25.16,24.37,1.48,0.07,0.10,6.09,0.29,100.78,133.52,6.78,552.16,28.03,14.96,1.06,2.36,149.60,10.60,23.60,11.62,12.10,11.95,30.86,21.37,68.40,,,,,,,
22,9134.00,38553.00,2009,"Glacial","Control",15.00,2.00,10.00,9.70,1.28,25.06,23.74,23.78,22.46,5.87,0.94,4.86,24.97,23.58,2.60,0.03,0.10,11.04,0.14,101.38,186.20,10.73,800.46,46.13,18.63,0.95,2.86,186.30,9.50,28.60,11.84,12.32,12.15,35.63,24.71,117.40,,,,,,,
23,9136.00,38553.00,2009,"Glacial","Control",17.00,3.00,10.00,10.64,1.28,25.24,23.88,23.96,22.60,6.01,0.94,4.98,25.40,23.95,2.06,0.12,0.10,8.62,0.50,101.44,128.64,8.50,544.67,35.98,16.90,0.99,3.10,169.00,9.90,31.00,12.02,12.51,12.35,32.64,22.62,90.40,,,,,,,
24,9138.00,38553.00,2009,"Glacial","Control",19.00,4.00,10.00,8.99,1.27,25.30,23.50,24.03,22.23,8.09,0.92,4.98,24.85,22.98,1.87,0.11,0.10,8.15,0.50,101.86,134.64,8.50,596.58,37.66,19.33,0.85,2.59,193.30,8.50,25.90,10.99,11.48,11.32,32.12,22.25,98.10,,,,,,,
25,9123.00,38553.00,2009,"Glacial","Mow + Burn",4.00,1.00,10.00,12.16,1.27,25.30,24.42,24.03,23.15,3.80,0.96,4.82,24.91,23.99,1.78,0.29,0.10,7.44,1.22,100.91,121.68,6.95,511.67,29.25,17.56,0.96,2.13,175.60,9.60,21.30,11.64,12.13,11.98,31.53,21.84,53.40,,,,,,,
26,9129.00,38553.00,2009,"Glacial","Mow + Burn",10.00,2.00,10.00,5.46,1.28,25.31,23.45,24.03,22.17,8.38,0.92,4.92,24.82,22.89,2.61,0.17,0.10,11.42,0.75,101.92,173.44,11.98,771.96,53.32,18.97,0.98,3.33,189.70,9.80,33.30,11.52,12.01,11.84,33.33,23.10,86.50,,,,,,,
27,9131.00,38553.00,2009,"Glacial","Mow + Burn",12.00,3.00,10.00,7.37,1.29,25.22,23.60,23.93,22.31,7.26,0.93,5.26,25.17,23.46,2.62,0.15,0.10,11.18,0.67,101.70,280.52,10.82,1215.79,46.91,18.13,0.97,2.87,181.30,9.70,28.70,11.70,12.18,12.02,32.82,22.74,90.50,,,,,,,
28,9135.00,38553.00,2009,"Glacial","Mow + Burn",16.00,4.00,10.00,7.27,1.28,24.99,23.96,23.71,22.68,4.54,0.95,4.94,25.23,24.13,3.04,0.26,0.10,12.62,1.08,101.09,173.00,10.58,724.68,44.35,18.14,1.02,3.26,181.40,10.20,32.60,11.19,11.68,11.53,30.71,21.26,83.20,,,,,,,
29,9122.00,38553.00,2009,"Glacial","Mow + Mow",3.00,1.00,10.00,8.40,1.27,25.17,23.81,23.90,22.54,6.03,0.94,4.96,25.01,23.58,3.50,0.14,0.10,14.86,0.61,101.42,158.08,11.99,679.74,51.58,19.53,0.96,3.80,195.30,9.60,38.00,11.92,12.40,12.22,38.49,26.71,88.30,3.81,"109.8068",6.26,117.84,112.28,121.01,115.51
30,9124.00,38553.00,2009,"Glacial","Mow + Mow",5.00,2.00,10.00,11.19,1.26,25.14,23.81,23.88,22.55,5.89,0.94,4.97,25.06,23.66,1.75,0.12,0.10,7.41,0.52,101.39,99.32,7.00,425.56,29.99,16.39,0.97,3.11,163.90,9.70,31.10,12.28,12.77,12.62,31.43,21.77,87.60,5.08,"111.5871",9.33,108.00,117.57,113.45,121.57
31,9137.00,38553.00,2009,"Glacial","Mow + Mow",18.00,3.00,10.00,12.77,1.28,25.17,24.20,23.89,22.92,4.23,0.95,4.89,25.04,24.02,1.32,0.05,0.10,5.51,0.23,101.01,97.68,5.57,410.73,23.44,14.80,0.98,2.65,148.00,9.80,26.50,11.93,12.42,12.26,32.80,22.73,71.10,6.72,"113.6367",9.54,113.34,111.11,118.56,115.58
32,9139.00,38553.00,2009,"Glacial","Mow + Mow",20.00,4.00,10.00,15.43,1.28,25.22,24.13,23.94,22.85,4.77,0.95,4.91,25.30,24.14,1.24,0.05,0.10,5.15,0.23,101.15,104.04,4.88,435.80,20.44,17.19,0.70,2.55,171.90,7.00,25.50,11.99,12.47,12.30,35.88,24.88,83.40,9.33,"113.382",5.06,111.65,109.76,114.09,112.51
33,9125.00,38553.00,2009,"Glacial","Poast + Burn ",6.00,1.00,10.00,13.00,1.27,25.01,23.39,23.74,22.12,7.32,0.93,4.91,25.09,23.37,1.85,0.14,0.10,7.93,0.61,101.71,107.80,6.39,469.01,27.81,19.54,1.02,2.74,195.40,10.20,27.40,11.22,11.70,11.53,36.32,25.19,97.90,,,,,,,
34,9126.00,38553.00,2009,"Glacial","Poast + Burn ",7.00,2.00,10.00,13.34,1.28,25.14,24.38,23.86,23.10,3.29,0.96,4.99,25.07,24.27,2.47,0.20,0.10,10.20,0.84,100.79,138.00,9.88,573.10,41.06,18.90,0.93,3.43,189.00,9.30,34.30,11.72,12.20,12.02,38.84,26.96,99.30,,,,,,,
35,9130.00,38553.00,2009,"Glacial","Poast + Burn ",11.00,3.00,10.00,10.40,1.28,25.27,24.37,23.99,23.09,3.89,0.96,4.87,25.02,24.08,1.98,0.31,0.10,8.24,1.29,100.93,176.04,8.07,737.88,33.85,15.32,0.92,2.43,153.20,9.20,24.30,11.55,12.04,11.88,32.08,22.22,52.30,,,,,,,
36,9132.00,38553.00,2009,"Glacial","Poast + Burn ",13.00,4.00,10.00,13.05,1.28,25.14,23.91,23.86,22.63,5.43,0.94,5.22,25.32,24.01,1.85,0.12,0.10,7.72,0.50,101.30,112.64,6.63,475.16,27.97,18.39,0.91,3.08,183.90,9.10,30.80,12.07,12.55,12.35,40.69,28.25,95.70,,,,,,,
37,9120.00,38553.00,2009,"Glacial","Poast + Mow",1.00,1.00,10.00,15.20,1.27,25.58,24.23,24.31,22.96,5.87,0.94,5.09,25.65,24.22,1.56,0.10,0.10,6.46,0.43,101.42,99.76,6.49,417.66,27.17,17.66,0.98,2.78,176.60,9.80,27.80,11.22,11.70,11.52,36.60,25.39,113.60,,,,,,,
38,9121.00,38553.00,2009,"Glacial","Poast + Mow",2.00,2.00,10.00,16.00,1.27,25.19,23.97,23.92,22.70,5.37,0.94,4.86,25.12,23.83,1.63,0.08,0.10,6.86,0.36,101.28,115.24,5.87,489.60,24.94,20.20,1.03,3.26,202.00,10.30,32.60,12.22,12.71,12.50,41.63,28.91,126.80,,,,,,,
39,9127.00,38553.00,2009,"Glacial","Poast + Mow",8.00,3.00,10.00,9.85,1.28,25.01,23.89,23.73,22.61,4.95,0.95,4.88,25.00,23.82,2.85,0.02,0.10,11.98,0.12,101.17,205.68,12.38,873.66,52.60,17.25,1.06,3.12,172.50,10.60,31.20,11.75,12.23,12.05,37.82,26.24,90.60,,,,,,,
40,9133.00,38553.00,2009,"Glacial","Poast + Mow",14.00,4.00,10.00,12.50,1.28,25.13,23.64,23.85,22.36,6.66,0.93,5.09,24.91,23.35,0.79,0.02,0.10,3.40,0.12,101.55,108.32,3.81,471.04,16.57,16.84,1.03,2.71,168.40,10.30,27.10,11.16,11.64,11.48,34.86,24.17,78.40,,,,,,,
41,9104.00,38554.00,2009,"Mima","Control",5.00,1.00,10.00,10.98,1.28,25.20,23.27,23.92,21.99,8.77,0.91,5.15,25.19,23.15,3.09,0.07,0.10,13.36,0.33,102.03,121.60,9.72,535.77,42.82,11.58,1.24,2.32,115.80,12.40,23.20,11.19,11.68,11.57,23.59,16.28,112.20,10.83,"113.73",4.94,11.64,114.37,114.66,116.41
42,9108.00,38554.00,2009,"Mima","Control",9.00,2.00,10.00,6.99,1.31,24.89,22.19,23.58,20.88,12.93,0.88,5.29,25.28,22.38,2.71,0.10,0.10,12.13,0.47,102.89,92.56,7.01,425.45,32.23,15.45,1.33,2.51,154.50,13.30,25.10,11.69,12.18,12.07,23.76,16.40,101.60,3.16,"110.0756",8.02,108.27,114.86,113.79,117.48
43,9109.00,38554.00,2009,"Mima","Control",10.00,3.00,10.00,8.75,1.27,24.96,22.41,23.69,21.14,12.06,0.89,5.23,25.27,22.54,2.24,0.10,0.10,9.95,0.44,102.72,91.72,6.37,417.80,29.02,11.81,1.27,2.14,118.10,12.70,21.40,11.34,11.83,11.69,29.64,20.51,111.60,4.54,"114.8448",6.64,117.23,118.77,121.31,121.47
44,9115.00,38554.00,2009,"Mima","Control",16.00,4.00,10.00,8.54,1.28,24.88,22.65,23.60,21.37,10.43,0.90,5.25,25.11,22.73,2.04,0.07,0.10,8.99,0.33,102.37,96.32,6.21,433.67,27.96,15.08,1.04,2.21,150.80,10.40,22.10,11.76,12.25,12.13,24.92,17.22,86.90,7.15,"116.1047",9.79,109.85,113.90,116.57,117.10
45,9107.00,38554.00,2009,"Mima","Mow + Burn",8.00,1.00,10.00,9.40,1.26,25.38,23.41,24.12,22.15,8.89,0.91,5.18,25.14,23.08,1.80,0.08,0.10,7.82,0.35,102.05,125.72,6.23,555.73,27.56,17.81,1.19,2.43,178.10,11.90,24.30,11.71,12.21,12.09,24.19,16.70,102.20,,,,,,,
46,9110.00,38554.00,2009,"Mima","Mow + Burn",11.00,2.00,10.00,8.01,1.28,25.01,23.05,23.73,21.77,9.00,0.91,5.24,25.19,23.10,1.95,0.15,0.10,8.46,0.67,102.08,93.92,6.15,414.87,27.19,10.49,1.02,1.56,104.90,10.20,15.60,12.28,12.78,12.67,21.80,15.03,87.20,,,,,,,
47,9112.00,38554.00,2009,"Mima","Mow + Burn",13.00,3.00,10.00,9.42,1.28,24.99,23.10,23.71,21.82,8.66,0.92,5.12,24.85,22.86,1.71,0.18,0.10,7.50,0.79,101.98,90.88,6.00,405.26,26.79,16.76,1.00,2.52,167.60,10.00,25.20,12.15,12.64,12.53,23.65,16.33,102.40,,,,,,,
48,9116.00,38554.00,2009,"Mima","Mow + Burn",17.00,4.00,10.00,8.69,1.27,25.11,22.96,23.84,21.69,9.91,0.90,5.57,24.65,22.42,1.44,0.15,0.10,6.44,0.70,102.22,82.48,4.55,375.94,20.74,15.03,1.02,2.24,150.30,10.20,22.40,11.59,12.08,11.92,32.40,22.45,91.70,,,,,,,
49,9101.00,38554.00,2009,"Mima","Mow + Mow",2.00,1.00,10.00,7.66,1.26,25.31,22.94,24.05,21.68,10.93,0.90,5.34,25.03,22.56,1.74,0.16,0.10,7.73,0.71,102.46,149.68,7.56,679.73,34.33,14.34,1.22,2.32,143.40,12.20,23.20,11.55,12.05,11.91,26.79,18.52,97.70,,,,,,,
50,9105.00,38554.00,2009,"Mima","Mow + Mow",6.00,2.00,10.00,8.96,1.27,25.05,22.70,23.78,21.43,10.96,0.90,5.22,25.15,22.66,1.43,0.06,0.10,6.33,0.29,102.48,169.08,8.92,764.54,40.35,14.01,1.35,2.13,140.10,13.50,21.30,10.98,11.48,11.36,23.08,15.92,99.10,,,,,,,
51,9113.00,38554.00,2009,"Mima","Mow + Mow",14.00,3.00,10.00,11.22,1.30,25.06,23.22,23.76,21.92,8.39,0.92,5.24,25.20,23.24,1.83,0.10,0.10,7.89,0.46,101.95,135.56,6.55,594.47,28.75,14.59,0.96,2.07,145.90,9.60,20.70,11.87,12.36,12.22,27.32,18.89,106.10,,,,,,,
52,9118.00,38554.00,2009,"Mima","Mow + Mow",19.00,4.00,10.00,9.43,1.30,25.23,23.04,23.93,21.74,10.07,0.90,5.23,24.60,22.34,2.21,0.06,0.10,9.91,0.31,102.25,131.84,7.33,603.20,33.54,11.17,0.96,2.17,111.70,9.60,21.70,11.28,11.77,11.60,34.35,23.82,106.00,,,,,,,
53,9100.00,38554.00,2009,"Mima","Poast + Burn",1.00,1.00,10.00,8.84,1.30,25.08,23.63,23.78,22.33,6.49,0.93,5.52,25.06,23.53,3.32,0.61,0.10,14.13,2.61,101.52,109.96,10.33,474.41,44.59,15.16,1.22,2.51,151.60,12.20,25.10,12.12,12.62,12.49,24.88,17.18,92.00,,,,,,,
54,9103.00,38554.00,2009,"Mima","Poast + Burn",4.00,2.00,10.00,9.44,1.28,25.13,23.20,23.85,21.92,8.80,0.91,5.44,25.40,23.34,2.76,0.11,0.10,11.84,0.48,102.05,144.08,10.30,629.87,45.04,10.43,1.35,1.48,104.30,13.50,14.80,12.16,12.65,12.51,27.89,19.29,110.90,,,,,,,
55,9111.00,38554.00,2009,"Mima","Poast + Burn",12.00,3.00,10.00,11.67,1.28,25.18,23.46,23.90,22.18,7.75,0.92,5.27,24.79,23.00,2.19,0.21,0.10,9.54,0.92,101.78,111.64,7.74,493.92,34.26,16.90,0.97,2.47,169.00,9.70,24.70,12.05,12.54,12.40,27.40,18.95,126.80,,,,,,,
56,9119.00,38554.00,2009,"Mima","Poast + Burn",20.00,4.00,10.00,7.73,1.29,25.10,23.34,23.81,22.05,7.98,0.92,5.26,24.54,22.72,1.66,0.06,0.10,7.32,0.29,101.81,90.44,6.20,405.17,27.77,11.78,1.06,1.85,117.80,10.60,18.50,11.57,12.06,11.96,21.35,14.71,69.10,,,,,,,
57,9102.00,38554.00,2009,"Mima","Poast + Mow",3.00,1.00,10.00,8.74,1.29,24.77,22.51,23.48,21.22,10.65,0.90,5.18,25.18,22.75,1.46,0.08,0.10,6.44,0.35,102.42,95.20,6.01,428.48,27.07,15.76,1.32,2.33,157.60,13.20,23.30,11.70,12.20,12.04,31.11,21.54,105.40,,,,,,,
58,9106.00,38554.00,2009,"Mima","Poast + Mow",7.00,2.00,10.00,10.08,1.28,24.77,22.55,23.49,21.27,10.43,0.90,5.25,25.28,22.89,2.58,0.15,0.10,11.29,0.69,102.38,121.04,8.63,541.40,38.61,11.14,1.33,1.41,111.40,13.30,14.10,11.74,12.23,12.11,24.94,17.23,107.80,,,,,,,
59,9114.00,38554.00,2009,"Mima","Poast + Mow",15.00,3.00,10.00,7.63,1.27,25.10,22.98,23.83,21.71,9.76,0.91,5.16,24.84,22.63,0.45,0.03,0.10,2.02,0.16,102.20,69.56,2.20,314.17,9.97,14.60,1.01,2.55,146.00,10.10,25.50,11.69,12.18,12.06,23.75,16.40,86.80,,,,,,,
60,9117.00,38554.00,2009,"Mima","Poast + Mow",18.00,4.00,10.00,8.62,1.28,24.97,22.91,23.69,21.63,9.52,0.91,5.21,24.95,22.78,2.04,0.06,0.10,8.98,0.28,102.16,125.68,6.98,563.67,31.32,12.29,0.95,2.08,122.90,9.50,20.80,11.70,12.19,12.07,25.69,17.75,92.00,,,,,,,
61,9203.00,38554.00,2009,"Morgan","Control",4.00,1.00,10.00,6.87,1.25,25.13,23.35,23.88,22.10,8.05,0.92,4.98,25.18,23.30,0.62,1.75e-03,0.10,2.70,7.50973084290843e-03,101.87,89.60,3.65,391.71,15.99,9.58,1.14,1.18,95.80,11.40,11.80,11.22,11.63,11.52,25.61,17.69,87.50,3.33,"109.066",8.27,116.92,112.78,122.37,115.13
62,9211.00,38554.00,2009,"Morgan","Control",12.00,2.00,10.00,3.40,1.28,25.39,24.28,24.11,23.00,4.82,0.95,4.93,25.15,23.99,2.27,0.20,0.10,9.48,0.83,101.15,97.84,6.51,412.52,27.45,11.23,1.00,1.77,112.30,10.00,17.70,11.62,11.99,11.90,22.88,15.79,69.60,2.88,"115.0392",8.55,109.46,115.42,115.04,118.54
63,9213.00,38554.00,2009,"Morgan","Control",14.00,3.00,10.00,6.55,1.29,25.46,24.41,24.17,23.12,4.54,0.95,4.65,25.07,23.98,1.20,0.22,0.10,5.02,0.93,101.08,88.56,4.20,373.31,17.70,12.44,1.07,1.76,124.40,10.70,17.60,11.55,12.22,12.10,18.33,12.60,67.80,4.34,"107.7861",7.46,111.44,114.83,116.19,117.68
64,9215.00,38554.00,2009,"Morgan","Control",16.00,4.00,10.00,6.68,1.29,25.07,22.45,23.78,21.16,12.38,0.88,4.60,25.04,22.28,0.93,0.06,0.10,4.18,0.27,102.75,83.84,4.87,386.66,22.48,11.05,0.98,1.67,110.50,9.80,16.70,12.07,12.51,12.38,30.00,20.77,108.80,4.59,"109.3134",6.72,115.72,116.12,120.30,118.39
65,9200.00,38554.00,2009,"Morgan","Mow + Burn",1.00,1.00,10.00,7.67,1.28,25.33,23.78,24.05,22.50,6.88,0.93,5.17,25.11,23.49,1.89,0.05,0.10,8.07,0.21,101.61,67.68,5.00,292.76,21.66,12.16,1.09,1.50,121.60,10.90,15.00,11.70,12.18,12.05,26.83,18.55,116.70,,,,,,,
66,9201.00,38554.00,2009,"Morgan","Mow + Burn",2.00,2.00,10.00,5.48,1.30,25.08,23.98,23.78,22.68,4.85,0.95,4.76,24.73,23.58,1.61,0.06,0.10,6.85,0.29,101.14,89.60,5.12,384.23,21.99,15.50,1.11,1.89,155.00,11.10,18.90,11.28,11.68,11.60,19.44,13.38,94.30,,,,,,,
67,9207.00,38554.00,2009,"Morgan","Mow + Burn",8.00,3.00,10.00,7.05,1.28,24.98,22.83,23.70,21.55,9.97,0.90,4.80,24.85,22.59,2.85,0.14,0.10,12.63,0.65,102.25,75.96,5.98,343.74,27.07,13.17,1.14,1.85,131.70,11.40,18.50,12.28,12.71,12.60,27.25,18.84,123.60,,,,,,,
68,9210.00,38554.00,2009,"Morgan","Mow + Burn",11.00,4.00,10.00,4.29,1.26,25.05,23.71,23.79,22.45,5.96,0.94,4.75,25.07,23.65,2.07,0.50,0.10,8.77,2.12,101.41,85.80,7.06,367.79,30.28,10.72,1.02,1.45,107.20,10.20,14.50,11.75,12.15,12.05,26.13,18.06,84.40,,,,,,,
69,9206.00,38554.00,2009,"Morgan","Mow + Mow",7.00,1.00,10.00,5.16,1.29,24.94,23.22,23.65,21.93,7.84,0.92,4.66,24.99,23.17,2.52,0.02,0.10,10.89,0.12,101.81,90.28,6.04,396.67,26.55,14.92,1.08,1.68,149.20,10.80,16.80,11.64,12.19,12.07,20.27,13.96,99.90,,,,,,,
70,9208.00,38554.00,2009,"Morgan","Mow + Mow",9.00,2.00,10.00,4.60,1.30,25.41,23.10,24.11,21.80,10.59,0.90,4.81,24.83,22.45,1.89,0.05,0.10,8.44,0.25,102.37,69.36,5.35,316.28,24.42,13.27,1.11,1.76,132.70,11.10,17.60,11.22,11.68,11.58,21.89,15.09,109.50,,,,,,,
71,9209.00,38554.00,2009,"Morgan","Mow + Mow",10.00,3.00,10.00,5.74,1.27,25.23,23.41,23.96,22.14,8.22,0.92,4.93,24.92,23.02,1.03,0.00,0.10,4.49,0.00,101.89,81.00,3.72,358.41,16.49,9.80,1.22,1.28,98.00,12.20,12.80,11.72,12.31,12.17,25.01,17.27,110.40,,,,,,,
72,9216.00,38554.00,2009,"Morgan","Mow + Mow",17.00,4.00,10.00,6.30,1.30,25.00,23.47,23.70,22.17,6.90,0.93,4.75,25.20,23.57,1.26,0.06,0.10,5.36,0.27,101.62,86.80,3.64,374.20,15.71,9.95,1.09,1.77,99.50,10.90,17.70,11.16,11.72,11.64,14.70,10.06,67.40,,,,,,,
73,9202.00,38554.00,2009,"Morgan","Poast + Burn ",3.00,1.00,10.00,3.65,1.26,25.08,23.57,23.82,22.31,6.76,0.93,5.46,25.03,23.44,2.03,0.26,0.10,8.68,1.14,101.58,62.36,5.00,270.22,21.70,10.02,1.18,1.36,100.20,11.80,13.60,11.57,12.04,11.93,23.41,16.15,117.60,,,,,,,
74,9212.00,38554.00,2009,"Morgan","Poast + Burn ",13.00,2.00,10.00,5.62,1.28,24.93,22.42,23.65,21.14,11.87,0.89,4.76,25.07,22.40,1.54,0.05,0.10,6.89,0.22,102.66,152.32,5.57,697.80,25.52,16.43,0.98,2.22,164.30,9.80,22.20,11.52,12.05,11.89,28.89,19.99,107.50,,,,,,,
75,9217.00,38554.00,2009,"Morgan","Poast + Burn ",18.00,3.00,10.00,5.70,1.28,25.15,22.94,23.87,21.66,10.20,0.90,4.54,25.09,22.76,1.89,0.05,0.10,8.32,0.22,102.32,127.48,5.80,572.93,26.08,16.18,1.01,1.85,161.80,10.10,18.50,11.84,12.43,12.27,26.43,18.27,97.70,,,,,,,
76,9218.00,38554.00,2009,"Morgan","Poast + Burn ",19.00,4.00,10.00,4.79,1.30,25.25,23.81,23.95,22.51,6.39,0.93,4.73,25.20,23.68,1.49,0.38,0.10,6.31,1.64,101.51,59.12,3.80,253.39,16.29,11.37,1.07,2.03,113.70,10.70,20.30,11.19,11.75,11.65,17.22,11.82,70.50,,,,,,,
77,9204.00,38554.00,2009,"Morgan","Poast + Mow",5.00,1.00,10.00,2.96,1.25,25.07,22.81,23.82,21.56,10.48,0.90,4.89,25.07,22.69,1.38,0.03,0.10,6.10,0.14,102.37,78.36,4.70,353.54,21.20,14.54,1.13,2.13,145.40,11.30,21.30,12.22,12.70,12.58,23.92,16.52,123.50,,,,,,,
78,9205.00,38554.00,2009,"Morgan","Poast + Mow",6.00,2.00,10.00,3.50,1.28,25.21,23.24,23.93,21.96,8.97,0.91,4.64,25.31,23.22,1.09,-4.00000000000001e-05,0.10,4.71,-1.72217868197557e-04,102.08,82.04,4.32,360.57,19.00,11.21,1.09,1.45,112.10,10.90,14.50,11.92,12.32,12.21,28.90,20.00,94.70,,,,,,,
79,9214.00,38554.00,2009,"Morgan","Poast + Mow",15.00,3.00,10.00,6.30,1.29,25.21,23.91,23.92,22.62,5.74,0.94,4.58,25.06,23.69,1.60,0.00,0.10,6.77,0.00,101.36,138.88,6.76,594.02,28.94,17.19,0.95,2.18,171.90,9.50,21.80,11.70,12.17,12.01,32.92,22.82,93.20,,,,,,,
80,9219.00,38554.00,2009,"Morgan","Poast + Mow",20.00,4.00,10.00,4.81,1.29,25.29,23.62,24.00,22.33,7.47,0.93,4.97,25.09,23.34,0.92,0.86,0.10,3.95,3.72,101.74,95.24,4.46,415.10,19.47,10.68,1.01,1.16,106.80,10.10,11.60,12.02,12.59,12.48,19.63,13.51,83.00,,,,,,,
81,9242.00,38555.00,2009,"Pigeon","Control",5.00,1.00,10.00,0.00,1.29,25.17,23.06,23.88,21.77,9.69,0.91,5.25,25.06,22.84,1.40,0.83,0.10,6.15,3.66,102.21,43.44,3.16,194.35,14.17,3.12,1.05,0.47,31.20,10.50,4.70,12.30,12.81,12.76,11.51,7.83,88.10,0.00,"111.2145",10.00,113.04,116.97,115.37,124.73
82,9245.00,38555.00,2009,"Pigeon","Control",12.00,2.00,10.00,0.00,1.29,25.10,22.14,23.81,20.85,14.19,0.87,5.46,25.33,22.18,0.67,0.69,0.10,3.03,3.14,103.14,49.48,2.55,230.09,11.87,3.13,1.07,0.51,31.30,10.70,5.10,11.73,12.47,12.39,11.51,7.83,95.50,0.00,"112.8402",10.00,101.28,111.85,103.80,119.43
83,9249.00,38555.00,2009,"Pigeon","Control",26.00,3.00,10.00,0.00,1.28,25.12,23.47,23.84,22.19,7.43,0.93,5.37,25.01,23.27,2.31,1.40,0.10,9.94,6.03,101.73,53.64,5.28,234.41,23.09,3.29,1.02,0.43,32.90,10.20,4.30,11.84,12.33,12.28,10.86,7.37,84.20,0.07,"109.619",10.00,114.66,114.42,117.10,122.11
84,9257.00,38555.00,2009,"Pigeon","Control",44.00,4.00,10.00,0.00,1.28,25.06,22.75,23.78,21.47,10.75,0.90,5.49,25.17,22.72,2.53,2.04,0.10,11.15,9.00,102.44,41.96,4.66,189.15,21.00,2.69,0.91,0.43,26.90,9.10,4.30,11.54,11.97,11.92,11.06,7.51,73.60,0.00,"105.2111",9.99,102.48,113.26,104.86,120.98
85,9243.00,38555.00,2009,"Pigeon","Mow + Burn",6.00,1.00,10.00,0.00,1.29,25.10,22.80,23.81,21.51,10.69,0.90,5.43,25.26,22.81,1.05,0.80,0.10,4.62,3.54,102.44,46.28,3.26,207.75,14.63,3.78,1.02,0.52,37.80,10.20,5.20,12.45,12.98,12.92,11.59,7.88,87.20,,,,,,,
86,9246.00,38555.00,2009,"Pigeon","Mow + Burn",17.00,2.00,10.00,0.00,1.28,25.09,22.55,23.81,21.27,11.94,0.89,5.43,25.05,22.37,0.91,1.83,0.10,4.09,8.20,102.67,42.04,3.63,192.88,16.69,2.44,1.10,0.55,24.40,11.00,5.50,11.19,11.74,11.68,10.61,7.20,75.20,,,,,,,
87,9253.00,38555.00,2009,"Pigeon","Mow + Burn",35.00,3.00,10.00,0.00,1.29,25.18,23.67,23.89,22.38,6.74,0.93,5.54,25.14,23.55,2.72,5.16,0.10,11.57,21.93,101.58,44.12,6.31,190.31,27.22,2.97,0.94,0.36,29.70,9.40,3.60,11.31,12.25,12.15,10.61,7.19,86.30,,,,,,,
88,9258.00,38555.00,2009,"Pigeon","Mow + Burn",45.00,4.00,10.00,0.00,1.29,25.26,22.91,25.43,21.62,17.62,0.85,5.73,25.43,21.62,1.59,1.33,0.10,7.38,6.17,103.81,47.00,3.63,225.67,17.44,4.03,0.91,0.57,40.30,9.10,5.70,11.54,12.28,12.18,12.95,8.84,99.30,,,,,,,
89,9244.00,38555.00,2009,"Pigeon","Mow + Mow",9.00,1.00,10.00,0.00,1.29,25.24,23.06,23.95,21.77,10.01,0.90,5.46,25.15,22.86,1.02,1.20,0.10,4.48,5.27,102.28,45.64,3.05,204.21,13.65,2.56,1.02,0.52,25.60,10.20,5.20,11.48,11.93,11.88,11.08,7.53,79.70,,,,,,,
90,9248.00,38555.00,2009,"Pigeon","Mow + Mow",24.00,2.00,10.00,0.00,1.29,25.05,23.03,23.76,21.74,9.29,0.91,5.34,25.31,23.15,1.13,0.74,0.10,4.90,3.23,102.15,62.04,3.94,273.66,17.40,3.44,1.07,0.59,34.40,10.70,5.90,11.35,11.89,11.83,11.79,8.02,91.80,,,,,,,
91,9252.00,38555.00,2009,"Pigeon","Mow + Mow",32.00,3.00,10.00,0.00,1.30,25.33,21.76,24.03,20.46,17.44,0.85,5.53,25.28,21.52,0.47,0.78,0.10,2.22,3.66,103.75,36.59,1.85,176.40,8.95,3.50,0.90,0.44,35.00,9.00,4.40,11.45,12.20,12.12,11.24,7.64,89.80,,,,,,,
92,9255.00,38555.00,2009,"Pigeon","Mow + Mow",42.00,4.00,10.00,0.00,1.28,25.46,22.60,24.18,21.32,13.41,0.88,5.43,25.27,22.28,1.62,1.36,0.10,7.29,6.13,102.98,35.66,3.39,164.82,15.70,2.45,0.89,0.43,24.50,8.90,4.30,12.03,12.65,12.58,10.72,7.27,70.40,,,,,,,
93,9240.00,38555.00,2009,"Pigeon","Poast + Burn ",2.00,1.00,10.00,0.00,1.30,25.38,23.02,24.08,21.72,10.86,0.90,5.37,25.33,22.84,1.81,0.85,0.10,7.94,3.76,102.48,44.32,3.50,198.79,15.73,3.44,1.08,0.45,34.40,10.80,4.50,12.46,12.97,12.90,12.50,8.52,87.90,,,,,,,
94,9250.00,38555.00,2009,"Pigeon","Poast + Burn ",27.00,2.00,10.00,0.00,1.28,25.17,23.25,23.89,21.97,8.73,0.91,5.39,25.46,23.41,1.96,1.90,0.10,8.39,8.14,102.04,54.88,5.57,239.18,24.28,3.22,0.91,0.47,32.20,9.10,4.70,11.77,12.25,12.19,11.66,7.93,93.40,,,,,,,
95,9254.00,38555.00,2009,"Pigeon","Poast + Burn ",39.00,3.00,10.00,0.00,1.28,25.09,22.65,23.81,21.37,11.41,0.89,5.31,25.06,22.49,1.04,1.28,0.10,4.64,5.71,102.56,52.56,3.99,239.68,18.20,3.54,1.01,0.47,35.40,10.10,4.70,11.98,12.76,12.67,11.67,7.93,74.20,,,,,,,
96,9256.00,38555.00,2009,"Pigeon","Poast + Burn ",43.00,4.00,10.00,0.00,1.29,25.19,23.12,23.90,21.83,9.48,0.91,5.51,25.09,22.91,2.16,1.64,0.10,9.45,7.18,102.17,42.76,4.33,190.64,19.33,3.55,0.94,0.57,35.50,9.40,5.70,11.55,12.00,11.95,12.24,8.34,85.80,,,,,,,
97,9241.00,38555.00,2009,"Pigeon","Poast + Mow",3.00,1.00,10.00,0.00,1.30,25.26,22.66,23.96,21.36,12.17,0.89,5.28,25.31,22.56,1.15,0.72,0.10,5.12,3.19,102.74,49.36,3.23,224.76,14.74,3.24,1.09,0.48,32.40,10.90,4.80,11.80,12.27,12.21,11.91,8.10,79.20,,,,,,,
98,9247.00,38555.00,2009,"Pigeon","Poast + Mow",18.00,2.00,10.00,0.00,1.27,25.15,23.22,23.88,21.95,8.79,0.91,5.61,25.36,23.31,0.67,0.81,0.10,2.89,3.48,102.04,62.52,3.64,273.70,15.93,3.25,1.06,0.50,32.50,10.60,5.00,11.54,12.28,12.19,11.75,7.99,92.90,,,,,,,
99,9251.00,38555.00,2009,"Pigeon","Poast + Mow",28.00,3.00,10.00,0.00,1.28,25.20,22.88,23.92,21.60,10.74,0.90,5.36,25.14,22.70,0.36,0.85,0.10,1.61,3.77,102.43,61.76,3.19,278.68,14.39,3.27,0.91,0.57,32.70,9.10,5.70,11.75,12.49,12.40,12.10,8.24,93.10,,,,,,,
100,9259.00,38555.00,2009,"Pigeon","Poast + Mow",46.00,4.00,10.00,0.00,1.29,25.48,22.83,24.19,21.54,12.30,0.89,5.48,25.20,22.43,0.61,1.05,0.10,2.76,4.70,102.76,39.10,2.54,179.09,11.67,3.43,0.92,0.44,34.30,9.20,4.40,12.22,12.83,12.76,11.57,7.87,83.00,,,,,,,
101,9171.00,38541.00,2009,"Scatter","Control",12.00,1.00,10.00,2.05,1.29,25.03,23.76,23.74,22.47,5.65,0.94,5.36,25.31,23.95,1.14,0.17,0.10,4.78,0.73,101.35,43.76,2.68,185.14,11.34,3.88,0.90,0.52,38.80,9.00,5.20,11.98,12.48,12.43,9.56,6.46,63.50,0.32,"107.525",10.00,114.61,111.62,122.92,113.42
102,9172.00,38541.00,2009,"Scatter","Control",13.00,2.00,10.00,1.86,1.29,24.99,22.55,23.70,21.26,11.47,0.89,5.04,25.26,22.65,0.79,0.06,0.10,3.50,0.29,102.60,54.60,3.13,247.22,14.19,6.24,1.10,0.76,62.40,11.00,7.60,12.03,12.52,12.44,15.20,10.41,74.50,2.86,"112.8725",9.83,114.42,112.43,122.23,114.59
103,9177.00,38541.00,2009,"Scatter","Control",18.00,3.00,10.00,2.88,1.31,25.28,23.95,23.97,22.64,5.87,0.94,5.91,24.95,23.56,1.60,0.35,0.10,6.81,1.50,101.38,45.84,3.34,197.21,14.40,5.05,1.13,0.83,50.50,11.30,8.30,11.69,12.19,12.12,12.99,8.86,54.80,0.11,"108.4043",10.00,117.82,118.13,126.18,119.90
104,9179.00,38541.00,2009,"Scatter","Control",20.00,4.00,10.00,1.65,1.31,25.16,23.01,23.85,21.70,9.90,0.90,5.29,25.20,22.92,1.04,5.82e-03,0.10,4.56,0.02,102.27,71.64,4.23,319.55,18.87,6.15,1.22,0.93,61.50,12.20,9.30,11.23,11.74,11.69,10.34,7.01,46.30,0.00,"113.2142",10.00,118.54,115.14,127.02,116.79
105,9161.00,38541.00,2009,"Scatter","Mow + Burn",2.00,1.00,10.00,2.60,1.30,25.08,22.99,23.78,21.69,9.63,0.91,4.89,25.25,23.03,1.59,0.09,0.10,6.92,0.40,102.21,66.40,4.86,294.70,21.57,8.45,1.13,1.26,84.50,11.30,12.60,11.48,11.97,11.90,14.59,9.98,84.70,,,,,,,
106,9162.00,38541.00,2009,"Scatter","Mow + Burn",3.00,2.00,10.00,2.16,1.31,25.12,22.90,23.81,21.59,10.28,0.90,5.34,25.40,23.03,1.53,0.12,0.10,6.66,0.55,102.36,65.76,4.58,292.28,20.35,6.16,1.09,0.80,61.60,10.90,8.00,11.73,12.22,12.13,18.36,12.62,75.90,,,,,,,
107,9163.00,38541.00,2009,"Scatter","Mow + Burn",4.00,3.00,10.00,1.07,1.29,25.31,23.57,24.02,22.28,7.80,0.92,5.37,24.97,23.16,1.00,0.05,0.10,4.34,0.22,101.80,62.60,3.82,275.16,16.82,8.01,1.12,1.16,80.10,11.20,11.60,11.19,11.69,11.62,12.52,8.53,69.90,,,,,,,
108,9176.00,38541.00,2009,"Scatter","Mow + Burn",17.00,4.00,10.00,0.97,1.31,25.36,23.03,24.05,21.72,10.72,0.90,5.24,25.23,22.78,0.58,0.09,0.10,2.57,0.43,102.44,51.36,2.45,230.91,11.02,6.38,1.23,1.10,63.80,12.30,11.00,12.22,12.74,12.67,13.31,9.09,69.80,,,,,,,
109,9164.00,38541.00,2009,"Scatter","Mow + Mow",5.00,1.00,10.00,3.15,1.30,25.08,22.26,23.78,20.96,13.45,0.88,4.94,25.15,22.16,0.47,0.03,0.10,2.15,0.15,102.98,76.56,3.77,355.67,17.55,9.88,1.12,1.62,98.80,11.20,16.20,11.54,12.02,11.93,20.04,13.80,95.20,,,,,,,
110,9168.00,38541.00,2009,"Scatter","Mow + Mow",9.00,2.00,10.00,2.03,1.30,25.28,22.99,23.98,21.69,10.55,0.90,5.43,24.93,22.54,0.87,0.30,0.10,3.86,1.33,102.38,41.80,2.41,189.78,10.96,6.47,1.14,1.28,64.70,11.40,12.80,11.75,12.27,12.19,14.04,9.60,71.00,,,,,,,
111,9175.00,38541.00,2009,"Scatter","Mow + Mow",16.00,3.00,10.00,0.98,1.30,24.99,23.21,23.69,21.91,8.12,0.92,5.33,25.28,23.38,0.79,0.08,0.10,3.39,0.38,101.89,43.80,2.10,190.89,9.17,5.46,1.13,0.81,54.60,11.30,8.10,11.54,12.03,11.97,14.14,9.67,70.60,,,,,,,
112,9178.00,38541.00,2009,"Scatter","Mow + Mow",19.00,4.00,10.00,0.55,1.31,25.30,23.30,23.99,21.99,9.09,0.91,5.47,25.40,23.28,0.39,0.01,0.10,1.70,0.07,102.11,55.52,2.51,243.51,11.04,5.97,1.14,0.84,59.70,11.40,8.40,12.22,12.71,12.65,10.56,7.16,59.50,,,,,,,
113,9160.00,38541.00,2009,"Scatter","Poast + Burn ",1.00,1.00,10.00,3.16,1.31,24.92,23.10,23.61,21.79,8.35,0.92,5.34,25.19,23.24,1.66,0.39,0.10,7.16,1.72,101.94,65.08,5.89,285.37,25.83,9.47,1.06,1.05,94.70,10.60,10.50,12.45,12.95,12.88,14.07,9.62,77.70,,,,,,,
114,9166.00,38541.00,2009,"Scatter","Poast + Burn ",7.00,2.00,10.00,0.83,1.30,24.99,23.27,23.69,21.97,7.82,0.92,5.53,25.32,23.48,0.97,0.06,0.10,4.15,0.29,101.83,73.80,3.12,320.06,13.54,5.69,1.00,0.86,56.90,10.00,8.60,11.84,12.35,12.27,14.40,9.85,84.10,,,,,,,
115,9167.00,38541.00,2009,"Scatter","Poast + Burn ",8.00,3.00,10.00,0.36,1.30,24.99,23.62,23.69,22.32,6.13,0.94,5.28,24.95,23.50,0.97,0.28,0.10,4.15,1.21,101.44,49.12,3.06,211.97,13.20,3.85,0.87,0.56,38.50,8.70,5.60,11.77,12.27,12.22,10.30,6.98,69.60,,,,,,,
116,9173.00,38541.00,2009,"Scatter","Poast + Burn ",14.00,4.00,10.00,2.42,1.30,25.25,23.59,23.95,22.29,7.44,0.93,5.08,25.29,23.53,1.62,0.10,0.10,6.90,0.45,101.75,56.32,3.66,243.47,15.83,4.34,0.96,0.64,43.40,9.60,6.40,11.55,12.05,12.00,11.26,7.65,77.10,,,,,,,
117,9165.00,38541.00,2009,"Scatter","Poast + Mow",6.00,1.00,10.00,1.80,1.30,24.97,21.89,23.67,20.59,14.95,0.86,5.31,25.16,21.88,0.33,0.00,0.10,1.51,0.00,103.27,62.72,2.22,295.95,10.51,8.99,1.10,1.66,89.90,11.00,16.60,11.35,11.83,11.75,16.90,11.60,87.50,,,,,,,
118,9169.00,38541.00,2009,"Scatter","Poast + Mow",10.00,2.00,10.00,3.46,1.29,25.02,22.77,23.73,21.48,10.47,0.90,5.24,25.05,22.67,0.47,0.03,0.10,2.08,0.14,102.37,44.76,1.69,202.08,7.64,6.69,1.10,1.00,66.90,11.00,10.00,11.45,11.95,11.89,12.03,8.19,71.20,,,,,,,
119,9170.00,38541.00,2009,"Scatter","Poast + Mow",11.00,3.00,10.00,1.46,1.29,25.02,22.78,23.73,21.49,10.42,0.90,5.02,25.08,22.71,0.33,0.02,0.10,1.48,0.09,102.36,49.48,1.56,223.01,7.03,6.71,1.19,0.83,67.10,11.90,8.30,11.31,11.79,11.74,11.02,7.48,80.90,,,,,,,
120,9174.00,38541.00,2009,"Scatter","Poast + Mow",15.00,4.00,10.00,1.27,1.30,25.09,22.82,23.79,21.52,10.54,0.90,5.28,25.12,22.72,0.89,0.05,0.10,3.92,0.24,102.39,53.32,3.10,240.27,13.99,4.58,0.99,0.62,45.80,9.90,6.20,11.54,12.04,11.97,12.72,8.67,67.70,,,,,,,
121,9181.00,38539.00,2009,"Triangle","Control",2.00,1.00,10.00,0.77,1.30,25.07,20.80,23.77,19.50,21.89,0.82,5.36,25.16,20.64,2.39,0.06,0.10,11.60,0.33,104.51,172.96,8.64,875.84,43.75,18.33,0.99,2.61,183.30,9.90,26.10,11.58,12.07,11.87,40.55,28.15,125.50,0.00,"110.3847",8.60,120.25,115.56,126.49,118.06
122,9191.00,38539.00,2009,"Triangle","Control",12.00,2.00,10.00,3.91,1.29,25.03,23.35,23.74,22.06,7.61,0.92,5.20,25.30,23.50,1.56,0.01,0.10,6.66,0.07,101.79,96.32,6.24,417.04,27.01,14.46,1.37,2.28,144.60,13.70,22.80,11.69,12.24,12.09,27.43,18.97,121.00,0.15,"110.8597",9.75,115.82,110.41,123.06,113.04
123,9195.00,38539.00,2009,"Triangle","Control",16.00,3.00,10.00,4.89,1.30,25.36,23.42,24.06,22.12,8.77,0.91,5.33,25.01,22.99,4.08,0.05,0.10,17.76,0.24,102.01,273.64,16.45,1214.07,73.01,18.86,1.25,2.59,188.60,12.50,25.90,12.15,12.57,12.44,32.30,22.38,140.10,,,,,,,
124,9197.00,38539.00,2009,"Triangle","Control",18.00,4.00,10.00,3.48,1.29,24.83,22.30,23.54,21.01,12.04,0.89,5.20,24.83,22.16,3.03,0.06,0.10,13.69,0.30,102.66,273.44,12.66,1266.78,58.65,18.54,1.23,3.22,185.40,12.30,32.20,11.69,12.01,11.88,40.80,28.33,164.50,,,,,,,
125,9183.00,38539.00,2009,"Triangle","Mow + Burn",4.00,1.00,10.00,0.94,1.29,25.23,23.06,23.94,21.77,9.96,0.90,5.24,24.75,22.50,2.45,0.13,0.10,10.91,0.58,102.24,106.28,8.46,482.81,38.46,17.50,0.97,2.68,175.00,9.70,26.80,12.12,12.54,12.39,34.37,23.83,143.60,,,,,,,
126,9188.00,38539.00,2009,"Triangle","Mow + Burn",9.00,2.00,10.00,7.94,1.30,25.16,23.80,23.86,22.50,6.04,0.94,5.38,25.04,23.61,2.67,0.14,0.10,11.33,0.62,101.42,82.48,6.94,354.28,29.81,18.39,0.93,2.92,183.90,9.30,29.20,10.98,11.32,11.18,41.68,28.94,158.10,,,,,,,
127,9192.00,38539.00,2009,"Triangle","Mow + Burn",13.00,3.00,10.00,2.71,1.29,24.70,21.90,23.41,20.61,13.58,0.88,5.15,25.03,22.03,1.76,0.05,0.10,8.01,0.24,102.99,229.28,8.97,1071.61,41.93,17.31,1.29,2.49,173.10,12.90,24.90,11.34,11.74,11.62,31.21,21.62,141.80,,,,,,,
128,9194.00,38539.00,2009,"Triangle","Mow + Burn",15.00,4.00,10.00,2.29,1.29,21.94,20.08,20.65,18.79,9.89,0.90,5.17,25.02,22.76,2.27,0.03,0.10,9.99,0.16,102.25,137.00,8.09,615.32,36.34,17.28,1.18,2.82,172.80,11.80,28.20,12.05,12.61,12.43,32.57,22.57,140.00,,,,,,,
129,9180.00,38539.00,2009,"Triangle","Mow + Mow",1.00,1.00,10.00,6.88,1.31,24.98,22.02,23.67,20.71,14.29,0.87,5.41,24.75,21.65,2.79,0.07,0.10,12.91,0.34,103.09,101.24,7.80,481.98,37.17,17.64,1.02,2.69,176.40,10.20,26.90,11.22,11.52,11.42,33.22,23.02,108.30,,,,,,,
130,9186.00,38539.00,2009,"Triangle","Mow + Mow",7.00,2.00,10.00,0.35,1.29,20.62,18.16,19.33,16.87,14.58,0.87,5.35,25.19,21.98,4.38,0.07,0.10,19.94,0.31,103.20,111.84,10.26,525.03,48.18,16.33,0.95,2.39,163.30,9.50,23.90,12.16,12.60,12.43,38.72,26.88,154.90,,,,,,,
131,9189.00,38539.00,2009,"Triangle","Mow + Mow",10.00,3.00,10.00,1.80,1.29,25.26,22.59,23.97,21.30,12.53,0.88,5.09,25.20,22.39,0.66,0.00,0.10,2.98,0.00,102.80,77.12,3.97,354.06,18.25,14.33,0.99,1.97,143.30,9.90,19.70,11.74,12.29,12.07,39.26,27.25,122.60,,,,,,,
132,9196.00,38539.00,2009,"Triangle","Mow + Mow",17.00,4.00,10.00,7.26,1.29,25.03,23.25,23.74,21.96,8.10,0.92,4.99,25.20,23.31,2.37,0.00,0.10,10.19,0.00,101.88,173.48,11.38,758.27,49.75,17.67,1.21,2.86,176.70,12.10,28.60,11.87,12.28,12.14,35.73,24.78,144.60,,,,,,,
133,9185.00,38539.00,2009,"Triangle","Poast + Burn ",6.00,1.00,10.00,9.27,1.28,25.38,24.10,24.10,22.82,5.60,0.94,5.21,25.30,23.95,2.82,0.29,0.10,11.79,1.23,101.34,115.04,8.73,486.66,36.93,18.57,1.04,2.51,185.70,10.40,25.10,11.70,12.27,12.10,30.83,21.35,133.30,,,,,,,
134,9187.00,38539.00,2009,"Triangle","Poast + Burn ",8.00,2.00,10.00,0.70,1.29,21.56,19.31,20.27,18.02,12.48,0.88,5.48,25.10,22.31,3.19,0.15,0.10,14.32,0.71,102.78,128.28,10.15,590.90,46.78,17.01,0.98,2.67,170.10,9.80,26.70,11.19,11.68,11.51,34.96,24.24,161.20,,,,,,,
135,9190.00,38539.00,2009,"Triangle","Poast + Burn ",11.00,3.00,10.00,5.28,1.28,25.10,23.48,23.82,22.20,7.29,0.93,5.49,24.81,23.12,2.73,0.09,0.10,11.83,0.41,101.68,165.92,10.34,729.67,45.49,19.45,1.20,3.14,194.50,12.00,31.40,11.71,12.40,12.18,31.82,22.04,139.40,,,,,,,
136,9193.00,38539.00,2009,"Triangle","Poast + Burn ",14.00,4.00,10.00,5.01,1.30,25.09,23.62,23.79,22.32,6.58,0.93,5.26,25.02,23.47,4.48,0.46,0.10,19.10,1.99,101.54,193.56,15.48,837.31,66.99,17.92,1.28,3.05,179.20,12.80,30.50,12.28,12.82,12.64,32.79,22.72,135.20,,,,,,,
137,9182.00,38539.00,2009,"Triangle","Poast + Mow",3.00,1.00,10.00,2.08,1.30,24.78,21.81,23.48,20.51,14.48,0.87,5.21,25.25,22.05,1.10,0.01,0.10,5.01,0.06,103.19,90.20,4.41,422.01,20.66,17.62,1.02,2.13,176.20,10.20,21.30,12.25,12.74,12.58,31.84,22.06,125.10,,,,,,,
138,9184.00,38539.00,2009,"Triangle","Poast + Mow",5.00,2.00,10.00,4.82,1.30,25.08,21.45,23.78,20.15,18.01,0.84,5.46,25.29,21.42,0.99,0.02,0.10,4.64,0.12,103.86,63.80,2.76,309.21,13.39,20.09,1.01,2.35,200.90,10.10,23.50,11.55,11.94,11.77,42.66,29.63,152.10,,,,,,,
139,9198.00,38539.00,2009,"Triangle","Poast + Mow",19.00,3.00,10.00,3.09,1.29,24.52,22.73,23.23,21.44,8.34,0.92,5.07,25.12,23.18,2.51,0.02,0.10,10.85,0.11,101.93,200.84,11.67,883.04,51.31,19.12,1.16,2.91,191.20,11.60,29.10,11.76,12.20,12.03,38.02,26.38,155.60,,,,,,,
140,9199.00,38539.00,2009,"Triangle","Poast + Mow",20.00,4.00,10.00,7.79,1.29,24.37,21.68,23.08,20.39,13.19,0.88,4.87,24.93,22.02,1.63,0.01,0.10,7.42,0.05,102.90,80.56,5.86,376.40,27.39,21.60,1.20,2.93,216.00,12.00,29.30,11.59,12.04,11.85,42.57,29.57,168.40,,,,,,,
141,9142.00,38541.00,2009,"Weir","Control",3.00,1.00,10.00,9.21,1.28,25.04,23.56,23.76,22.28,6.64,0.93,4.87,25.28,23.70,1.14,0.21,0.10,4.83,0.88,101.57,67.88,4.32,290.85,18.54,15.80,0.95,2.23,158.00,9.50,22.30,11.53,12.03,11.92,21.68,14.95,57.20,12.71,"114.8089",10.00,113.22,112.62,120.07,115.92
142,9144.00,38541.00,2009,"Weir","Control",5.00,2.00,10.00,8.72,1.28,25.15,23.53,23.87,22.25,7.28,0.93,5.17,25.14,23.43,1.29,0.10,0.10,5.52,0.46,101.70,56.76,3.59,246.34,15.58,18.26,0.98,2.83,182.60,9.80,28.30,11.76,12.25,12.17,17.34,11.90,59.90,11.37,"107.4812",9.99,114.46,114.12,121.58,117.14
143,9149.00,38541.00,2009,"Weir","Control",10.00,3.00,10.00,8.23,1.29,24.84,23.37,23.55,22.08,6.65,0.93,5.06,25.21,23.63,1.14,0.13,0.10,4.84,0.59,101.57,62.88,3.74,270.21,16.10,11.79,1.10,1.68,117.90,11.00,16.80,11.27,11.76,11.65,21.99,15.16,50.70,21.73,"113.7982",10.00,120.40,111.66,127.58,114.61
144,9154.00,38541.00,2009,"Weir","Control",15.00,4.00,10.00,9.19,1.28,25.07,23.64,23.79,22.36,6.39,0.93,4.90,25.02,23.51,0.89,0.30,0.10,3.80,1.28,101.50,58.00,4.69,250.34,20.25,13.87,1.26,2.04,138.70,12.60,20.40,11.17,11.66,11.53,25.43,17.57,71.10,14.40,"112.0562",9.73,116.66,101.20,123.35,104.39
145,9140.00,38541.00,2009,"Weir","Mow + Burn",1.00,1.00,10.00,6.20,1.28,24.94,23.56,23.66,22.28,6.19,0.94,5.10,24.96,23.50,1.26,0.49,0.10,5.38,2.12,101.45,55.88,3.57,241.20,15.44,17.10,1.01,2.49,171.00,10.10,24.90,11.47,11.96,11.87,19.02,13.08,51.50,,,,,,,
146,9155.00,38541.00,2009,"Weir","Mow + Burn",16.00,2.00,10.00,12.83,1.29,24.96,23.91,23.67,22.62,4.64,0.95,4.88,25.25,24.12,1.49,0.14,0.10,6.19,0.59,101.12,86.44,6.70,362.24,28.07,11.04,1.14,1.72,110.40,11.40,17.20,11.47,11.96,11.85,22.42,15.46,77.80,,,,,,,
147,9157.00,38541.00,2009,"Weir","Mow + Burn",18.00,3.00,10.00,7.41,1.29,24.98,23.65,23.69,22.36,5.94,0.94,5.20,25.79,24.34,1.00,0.55,0.10,4.13,2.28,101.44,51.68,6.43,215.38,26.82,9.83,1.03,1.49,98.30,10.30,14.90,12.46,12.95,12.86,17.99,12.36,70.80,,,,,,,
148,9159.00,38541.00,2009,"Weir","Mow + Burn",20.00,4.00,10.00,7.14,1.29,25.02,23.35,23.73,22.06,7.57,0.92,5.25,25.01,23.24,1.05,0.18,0.10,4.54,0.79,101.76,77.08,4.87,337.36,21.34,17.29,1.08,2.52,172.90,10.80,25.20,12.30,12.78,12.67,24.50,16.92,109.40,,,,,,,
149,9143.00,38541.00,2009,"Weir","Mow + Mow",4.00,1.00,10.00,10.64,1.29,25.14,23.84,23.85,22.55,5.76,0.94,5.09,24.89,23.53,1.24,0.29,0.10,5.29,1.23,101.35,68.16,4.30,293.56,18.55,16.23,0.94,2.10,162.30,9.40,21.00,11.70,12.19,12.09,20.29,13.97,59.50,,,,,,,
150,9145.00,38541.00,2009,"Weir","Mow + Mow",6.00,2.00,10.00,9.04,1.29,25.16,23.60,23.87,22.31,6.99,0.93,5.08,25.16,23.51,0.96,0.11,0.10,4.10,0.50,101.64,80.08,4.17,346.13,18.05,10.39,1.00,1.68,103.90,10.00,16.80,11.56,12.05,11.94,23.03,15.89,46.50,,,,,,,
151,9152.00,38541.00,2009,"Weir","Mow + Mow",13.00,3.00,10.00,5.52,1.28,25.11,23.85,23.83,22.57,5.58,0.94,5.07,25.31,23.97,2.06,0.68,0.10,8.61,2.84,101.33,74.08,5.75,313.16,24.33,9.47,1.26,1.35,94.70,12.60,13.50,11.18,11.67,11.57,20.89,14.39,52.20,,,,,,,
152,9156.00,38541.00,2009,"Weir","Mow + Mow",17.00,4.00,10.00,7.18,1.28,24.98,23.76,23.70,22.48,5.42,0.94,5.05,25.02,23.73,1.34,0.64,0.10,5.67,2.71,101.28,55.40,5.58,236.44,23.83,9.15,1.28,1.44,91.50,12.80,14.40,11.72,12.22,12.15,13.27,9.05,70.20,,,,,,,
153,9147.00,38541.00,2009,"Weir","Poast + Burn ",8.00,1.00,10.00,9.34,1.29,25.25,23.70,23.96,22.41,6.91,0.93,5.14,25.06,23.43,0.89,0.49,0.10,3.80,2.10,101.62,56.52,3.38,245.04,14.65,13.19,1.04,2.12,131.90,10.40,21.20,11.27,11.76,11.66,20.74,14.29,54.20,,,,,,,
154,9150.00,38541.00,2009,"Weir","Poast + Burn ",11.00,2.00,10.00,9.06,1.29,25.11,23.86,23.82,22.57,5.53,0.94,4.91,25.13,23.81,1.70,1.62,0.10,7.16,6.82,101.31,73.64,6.32,313.34,26.89,11.66,1.14,1.76,116.60,11.40,17.60,10.96,11.45,11.36,18.30,12.58,47.40,,,,,,,
155,9153.00,38541.00,2009,"Weir","Poast + Burn ",14.00,3.00,10.00,8.25,1.29,25.01,23.47,23.72,22.18,6.94,0.93,4.86,25.22,23.58,1.11,0.36,0.10,4.73,1.55,101.63,57.96,4.76,249.79,20.51,11.54,1.20,2.12,115.40,12.00,21.20,11.85,12.34,12.23,21.84,15.05,40.70,,,,,,,
156,9158.00,38541.00,2009,"Weir","Poast + Burn ",19.00,4.00,10.00,10.33,1.29,25.16,24.08,23.87,22.79,4.73,0.95,5.17,25.02,23.88,1.43,2.21,0.10,6.01,9.27,101.13,58.24,6.77,246.56,28.66,11.02,1.06,1.50,110.20,10.60,15.00,11.80,12.29,12.20,17.50,12.02,79.30,,,,,,,
157,9141.00,38541.00,2009,"Weir","Poast + Mow",2.00,1.00,10.00,9.67,1.28,25.07,23.57,23.79,22.29,6.72,0.93,5.15,25.08,23.49,1.56,0.21,0.10,6.66,0.91,101.58,91.24,4.98,394.41,21.52,18.99,0.92,2.70,189.90,9.20,27.00,11.64,12.13,12.02,22.29,15.37,59.10,,,,,,,
158,9146.00,38541.00,2009,"Weir","Poast + Mow",7.00,2.00,10.00,7.65,1.29,25.27,23.13,23.98,21.84,9.79,0.91,4.97,24.91,22.68,0.85,0.25,0.10,3.78,1.14,102.22,73.24,4.45,330.00,20.07,12.68,1.00,1.77,126.80,10.00,17.70,12.04,12.53,12.39,27.89,19.29,78.40,,,,,,,
159,9148.00,38541.00,2009,"Weir","Poast + Mow",9.00,3.00,10.00,6.05,1.29,25.30,23.61,24.01,22.32,7.57,0.92,5.08,25.19,23.41,0.82,0.05,0.10,3.53,0.22,101.77,70.52,3.81,306.48,16.56,11.76,1.11,1.90,117.60,11.10,19.00,11.68,12.17,12.09,16.40,11.25,50.30,,,,,,,
160,9151.00,38541.00,2009,"Weir","Poast + Mow",12.00,4.00,10.00,7.78,1.29,25.00,23.21,23.71,21.92,8.16,0.92,4.99,24.78,22.90,1.09,0.25,0.10,4.78,1.11,101.87,83.92,4.88,373.16,21.71,10.32,1.22,1.41,103.20,12.20,14.10,11.74,12.23,12.10,26.77,18.51,60.50,,,,,,,
